gloss	synset	lemma	word
the difference in electrical charge between two points in a circuit expressed in volts	ÙˆÙ„ØªØ§Ú˜ Ù¾ØªØ§Ù†Ø³ÛŒÙ„_Ø§Ù„Ú©ØªØ±ÛŒÚ©ÛŒ Ù¾ØªØ§Ù†Ø³ÛŒÙ„ Ø§Ø®ØªÙ„Ø§Ù_Ø³Ø·Ø­ ÙˆÙ„ØªØ§Ú˜â€ Ø§Ø®ØªÙ„Ø§Ù_Ù¾ØªØ§Ù†Ø³ÛŒÙ„ Ø§Ø®ØªÙ„Ø§Ù_Ù¾ØªØ§Ù†Ø³ÛŒÙ„_Ø§Ù„Ú©ØªØ±ÛŒÚ©ÛŒ Ø§Ø®ØªÙ„Ø§Ù_Ù¾ØªØ§Ù†Ø³ÛŒÙ„_Ø¨Ø±Ù‚ÛŒ ÙØ´Ø§Ø±_Ø¨Ø±Ù‚ ÙˆÙ„ØªØ§Ú˜_Ø¨Ø±Ù‚ Ø§Ø®ØªÙ„Ø§Ù_Ù¾ØªØ§Ù†Ø³ÙŠÙ„ Ø§Ø®ØªÙ„Ø§Ù_Ù¾ØªØ§Ù†Ø³ÙŠÙ„_Ø§Ù„ÙƒØªØ±ÙŠÙƒÙŠ Ø§Ø®ØªÙ„Ø§Ù_Ù¾ØªØ§Ù†Ø³ÙŠÙ„_Ø¨Ø±Ù‚ÙŠ Ù¾ØªØ§Ù†Ø³ÙŠÙ„ Ù¾ØªØ§Ù†Ø³ÙŠÙ„_Ø§Ù„ÙƒØªØ±ÙˆØ³ØªØ§ØªÙŠÙƒÙŠ Ù¾ØªØ§Ù†Ø³ÙŠÙ„_Ø§Ù„ÙƒØªØ±ÙŠÙƒÙŠ Ù¾ØªØ§Ù†Ø³ÛŒÙ„_Ø§Ù„Ú©ØªØ±ÙˆØ³ØªØ§ØªÛŒÚ©ÛŒ Ø§ÙØª_Ù¾ØªØ§Ù†Ø³ÛŒÙ„ Ù¾ØªØ§Ù†Ø³ÛŒÙ„_Ø§Ù„Ú©ØªØ±ÙˆØ§Ø³ØªØ§ØªÛŒÚ© Ù¾ØªØ§Ù†Ø³ÛŒÙ„_Ú©ÙˆÙ„Ù…Ø¨	potential	potential
the inherent capacity for coming into being	Ù¾ØªØ§Ù†Ø³ÛŒÙ„ Ù‚Ø¯Ø±Øª	potential	potential
installation from which a military force initiates operations	Ù¾Ø§ÛŒÙ‡_Ø¹Ù…Ù„ÛŒØ§Øª	base	base
a place that the runner must touch before scoring		base	base
to compel or force or urge relentlessly or exert coercive pressure on, or motivate strongly		drive	driving
operate or control a vehicle	Ø±Ø§Ù†Ù†Ø¯Ú¯ÛŒ	drive	driving
a journey in a vehicle (usually an automobile)	Ø³ÙˆØ§Ø±ÛŒ Ø³ÙˆØ§Ø±	drive	drive
hitting a golf ball off of a tee with a driver		drive	drive
(meteorology) the atmospheric phenomenon created at the boundary between two different air masses	Ø¬Ø¨Ù‡Ù‡_Ù‡ÙˆØ§ Ø¬Ø¨Ù‡Ù‡Ù”_Ù‡ÙˆØ§ Ø³ÛŒØ³ØªÙ…_ÙØ±ÙˆÙ†ØªØ§Ù„ Ù…Ù†Ø·Ù‚Ù‡_baroclinic	front	front
the side that is forward or prominent	Ø³Ø±_ÙˆØ¯Ø³Øª Ù‚Ø³Ù…Øª_Ø¬Ù„Ùˆ Ù…Ù‚Ø¯Ù…Ù‡ Ù¾Ø§ÛŒØ§Ù†_Ø¬Ù„Ùˆ	front	front
supplementary material that is collected and appended at the back of a book	Ø¶Ù…ÛŒÙ…Ù‡ Ù¾ÛŒÙˆØ³Øª	appendix	appendix
a vestigial process that extends from the lower end of the cecum and that resembles a small pouch	Ø¢Ù¾Ø§Ù†Ø¯ÛŒØ³ Ø¶Ù…ÛŒÙ…Ù‡ Ù¾ÛŒÙˆØ³Øª Ø¢Ù¾Ø§Ù†Ø¯ÛŒØ³â€ Ø¢Ù¾Ø§Ù†Ø¯ÙŠØ³ Ø§Ù¾Ø§Ù†Ø¯ÙŠØ³ Ø§Ù¾Ø§Ù†Ø¯ÛŒØ³ Ø¢Ù¾Ø§Ù†Ø¯ÛŒØ³_Ú©Ø±Ù…ÛŒ Ø±ÙˆÙ†Ø¯_Ú©Ø±Ù…ÛŒ Ø²Ø§Ø¦Ø¯Ù‡_Ø³Ú©ÙˆÙ… Ú©Ø±Ù…ÛŒ_Ù¾ÛŒÙˆØ³Øª	appendix	appendix
(Judaism) the place of worship for a Jewish congregation	Ú©Ù†ÛŒØ³Ù‡ Ø®ÛŒÙ…Ù‡ Ú©Ù†ÛŒØ³Ø§ Ú©Ù†ÛŒØ³Ø§ÛŒ ÙƒÙ†Ø´Øª ÙƒÙ†ÙŠØ³Ø§ ÙƒÙ†ÙŠØ³Ø§ÙŠ ÙƒÙ†ÙŠØ³Ù‡ Ú©Ù†Ø´Øª synagoge Ú©Ù†ÛŒØ³Ù‡_ÛŒÙ‡ÙˆØ¯ÛŒ	temple	temple
the flat area on either side of the forehead	Ú¯ÛŒØ¬Ú¯Ø§Ù‡ Ø´Ù‚ÛŒÙ‚Ù‡ Ú¯ÙŠØ¬Ú¯Ø§Ù‡	temple	temple
a drawback or difficulty that is not readily evident		catch	catch
the quantity that was caught		catch	catch
in an adroit manner		cleanly	cleanly
in a manner that minimizes dirt and pollution		cleanly	cleanly
the act of taking out money or other capital		withdrawal	withdrawal
the termination of drug taking	Ø¹Ù„Ø§Ø¦Ù…_ØªØ±Ú©_Ù…ÙˆØ§Ø¯_Ù…Ø®Ø¯Ø± Ø¹Ù„Ø§Ø¦Ù…_ØªØ±Ùƒ_Ù…ÙˆØ§Ø¯_Ù…Ø®Ø¯Ø± Ù‚Ø·Ø¹_Ù†Ø§Ú¯Ù‡Ø§Ù†ÛŒ_Ù…ØµØ±Ù_Ù…ÙˆØ§Ø¯_Ù…Ø®Ø¯Ø± Ù‚Ø·Ø¹_Ù†Ø§Ú¯Ù‡Ø§Ù†ÛŒ_Ù…ÙˆØ§Ø¯ Ù‚Ø·Ø¹_Ù†Ø§Ú¯Ù‡Ø§Ù†ÛŒ_Ù…ÙˆØ§Ø¯_Ù…Ø®Ø¯Ø± Ù…Ø­Ø±ÙˆÙ…ÛŒØª_Ø§Ø²_Ù…ÙˆØ§Ø¯_Ù…Ø®Ø¯Ø± Ù…Ø­Ø±ÙˆÙ…ÛŒØª_Ù…ÙˆØ§Ø¯ Ù‚Ø·Ø¹_Ù…ØµØ±Ù_Ø¯Ø§Ø±Ùˆ	withdrawal	withdrawal
a humorous anecdote or remark intended to provoke laughter	Ù„Ø·ÛŒÙÙ‡ Ø´ÙˆØ®ÛŒ Ø¬ÙˆÚ© Ø®Ù†Ø¯Ù‡ Ø®ÙˆØ´_Ø·Ø¨Ø¹ÛŒ Ø·Ø¹Ù†Ù‡ Ú¯ÙˆØ´Ù‡ Ø®ÙˆØ´Ù…Ø²Ú¯ÛŒ Ø¬ÙˆÙƒ Ø¸Ø±ÛŒÙ Ù…Ø³Ø®Ø±Ù‡_Ú©Ø±Ø¯Ù†	joke	joke
a triviality not to be taken seriously		joke	joke
an intermediate platform in a staircase		land	landing
the act of coming down to the earth (or other surface)	Ø®Ø´Ú©ÛŒ Ø²Ù…ÛŒÙ†â€ Ø²ÙÙ…ÛŒÙ†â€ Ø³Ø±Ø²Ù…ÛŒÙ†â€ Ø³ÙØ±Ù’Ø²ÙÙ…ÛŒÙ†â€ firma_Ù…Ø®Ø§Ø¨Ø±Ø§Øª_ØªØ±Ø§ Ø¬Ø±Ù…_Ø²Ù…ÛŒÙ† Ø²Ù…ÛŒÙ† Ø²Ù…ÛŒÙ†_Ø¬Ø§Ù…Ø¯	land	landing
the quality of being inadequate or falling short of perfection	Ø¹Ø¯Ù…_Ù„ÛŒØ§Ù‚Øª	fault	faults
(geology) a crack in the earth's crust resulting from the displacement of one side with respect to the other	Ú¯Ø³Ù„ Ø´Ú©Ø³Øª Ø±Ø®Ù†Ù‡â€ Ø´Ú©Ø§Ùâ€ Ú¯Ø³Ù„Ø´ Ø´ÛŒØ¨_Ú¯Ø³Ù„ Ú¯Ø³Ù„Ù‡ Ú¯Ø³Ù„â€ŒÙ‡Ø§ Ø´ÙŠØ¨_Ú¯Ø³Ù„ Ù¾ÛŒØ´â€ŒÙ†ÙˆÛŒØ³:Ø·Ø¨Ù‚Ù‡â€ŒØ¨Ù†Ø¯ÛŒ_Ú¯Ø³Ù„â€ŒÙ‡Ø§ Ú¯Ø³Ù„_Ø§Ù…ØªØ¯Ø§Ø¯_Ù„ØºØ² Ú¯Ø³Ù„_Ø§Ù…ØªØ¯Ø§Ø¯Ù„ØºØ² Ú¯Ø³Ù„_Ø´ÙŠØ¨_Ù„ØºØ² Ú¯Ø³Ù„_Ø´ÛŒØ¨_Ù„ØºØ² Ú¯Ø³Ù„_Ø´ÛŒØ¨â€ŒÙ„ØºØ² Ú¯Ø³Ù„_Ø·ÙˆÙ„ÙŠ Ú¯Ø³Ù„_Ø·ÙˆÙ„ÛŒ Ú¯Ø³Ù„_Ø¹Ø±Ø¶ÙŠ Ú¯Ø³Ù„_Ø¹Ø±Ø¶ÛŒ Ú¯Ø³Ù„_Ù…Ø­ÙˆØ±ÙŠ Ú¯Ø³Ù„_Ù…Ø­ÙˆØ±ÛŒ Ú¯Ø³Ù„_Ù…Ø¹ÙƒÙˆØ³ Ú¯Ø³Ù„_Ù…Ø¹Ú©ÙˆØ³ Ú¯Ø³Ù„_Ù…ÙˆØ±Ø¨_Ù„ØºØ² Ú¯Ø³Ù„_Ù…ÙˆØ±Ø¨â€ŒÙ„ØºØ² Ú¯Ø³Ù„_Ù‡Ø§ Ú¯Ø³Ù„_Ú†Ø±Ø®Ø´ÙŠ Ú¯Ø³Ù„_Ú†Ø±Ø®Ø´ÛŒ Ú¯Ø³Ù„Ø´_Ù…Ø¹ÙƒÙˆØ³ Ú¯Ø³Ù„Ø´_Ù…Ø¹Ú©ÙˆØ³ Ú¯Ø³Ù„_Ø²Ù…ÛŒÙ†_Ø´Ù†Ø§Ø³ÛŒ Ø§Ø¹ØªØµØ§Ø¨_Ù„ØºØ²Ø´_Ú¯Ø³Ù„ ØªØºÛŒÛŒØ±_Ø´Ú©Ù„_Ù‡Ø§ÛŒ_Ø´Ú©Ù†Ù†Ø¯Ù‡ Ø®Ø·_Ú¯Ø³Ù„_Ø§Ø³Øª Ø®Ø·_Ú¯Ø³Ù„ØŒ Ø®Ø·ÙˆØ·_Ú¯Ø³Ù„ Ø´Ú©Ø³ØªÚ¯ÛŒ Ú¯Ø³Ù„_Ø²Ù„Ø²Ù„Ù‡	fault	faults
an award conferred by a college or university signifying that the recipient has satisfactorily completed a course of study	Ù…Ø¯Ø±Ú©_Ø¯Ø§Ù†Ø´Ú¯Ø§Ù‡ÛŒ Ø¯Ø±Ø¬Ù‡_Ø¹Ù„Ù…ÛŒ Ù…Ø¯Ø±Ùƒ_Ø¯Ø§Ù†Ø´Ú¯Ø§Ù‡ÙŠ ØªØ­ØµÛŒÙ„Ø§Øª_Ø¯Ø§Ù†Ø´Ú¯Ø§Ù‡ÛŒ Ø¯Ø±Ø¬Ù‡ Ù…Ø¯Ø§Ø±Ú©_ØªØ­ØµÛŒÙ„ÛŒ_Ø¯Ø§Ù†Ø´Ú¯Ø§Ù‡ÛŒ	degree	degree
a position on a scale of intensity or amount or quality	Ø¯Ø±Ø¬Ù‡ Ø¯Ø±Ø¬Ù‡_ØªÚ©Ø§Ù…Ù„ÛŒ Ø¯Ø±Ø¬Ù‡_Ø¯Ø±_Ù…Ù‚ÛŒØ§Ø³ Ø³Ø·Ø­	degree	degree
a metallic tapping sound	Ø¹Ù„Ø§Ù…Øª	tick	tick
any of two families of small parasitic arachnids with barbed proboscis; feed on blood of warm-blooded animals	Ú©Ù†Ù‡ ÙƒÙ†Ù‡	tick	tick
the inner surface of the hand from the wrist to the base of the fingers	Ú©Ùâ€ ØªÙ†Ø§Ø± Ø¹Ù„Ùˆ_ØªÙ†Ø§Ø±	palm	palms
any plant of the family Palmae having an unbranched trunk crowned by large pinnate or palmate leaves	Ø®Ø±Ù…Ø§Ø¨Ù†â€ Ù…Ø®â€ Ù†Ø®Ù„â€ Ø¯Ø±Ø®Øª_Ù†Ø®Ù„	palm	palms
a body of students who are taught together	Ø¯ÙˆØ±Ù‡â€ ÙØ±Ù… Ú©Ù„Ø§Ø³	class	class
elegance in dress or behavior	Ø¨Ø±Ø§Ø²Ù†Ø¯Ú¯ÛŒâ€	class	class
someone who expresses in language; someone who talks (especially someone who delivers a public speech or someone especially garrulous)	Ø§Ø¯Ø§_Ú©Ù†Ù†Ø¯Ù‡ Ù†Ø§Ø·Ù‚ Ø³Ø®Ù†Ø±Ø§Ù†â€ verbaliser verbalizer Ø³Ø®Ù†Ø±Ø§Ù† Ú¯ÙˆÛŒÙ†Ø¯Ù‡	speaker	speakers
electro-acoustic transducer that converts electrical signals into sounds loud enough to be heard at a distance	Ø¨Ù„Ù†Ø¯_Ú¯Ùˆ Ø¨Ù„Ù†Ø¯Ú¯Ùˆ Ú¯ÙˆÛŒÙ†Ø¯Ù‡ Ø§Ø³Ù¾ÙŠÙƒØ± Ø¨Ù„Ù†Ø¯Ú¯ÙˆÙ‡Ø§ Ø¨Ù„Ù†Ø¯Ú¯Ùˆ_Ø¨Ø§_ØµØ¯Ø§ÛŒ_Ø¨Ù„Ù†Ø¯ Ø¨Ù„Ù†Ø¯Ú¯Ùˆ_Ø¨Ø§_ØµØ¯Ø§ÛŒ_Ø¨Ù„Ù†Ø¯_Ø´Ø¯ Ø¨Ù„Ù†Ø¯Ú¯ÙˆÛŒ Ø³ÛŒØ³ØªÙ…_Ø¨Ù„Ù†Ø¯Ú¯Ùˆ Ø³ÛŒØ³ØªÙ…_Ø¨Ù„Ù†Ø¯Ú¯ÙˆÛŒ	speaker	speakers
information (data or ideas or observations) that can be used or reworked into a finished form	Ù…ÙˆØ§Ø¯	material	material
artifact made by weaving or felting or knitting or crocheting natural or synthetic fibers	Ù¾Ø§Ø±Ú†Ù‡ Ù‚Ù…Ø§Ø´ Ù…Ø­ØµÙˆÙ„ Ù¾Ø§Ø±Ú†Ù‡_Ø¨Ø§ÙØªÙ‡ Ù‚Ù…Ø§Ø´â€ Ù¾Ø§Ø±Ú†Ù‡â€ Ù…Ù†Ø³ÙˆØ¬Ø§Øª	material	material
move past		pass	passed
eliminate from the body	Ø¯ÙØ¹_Ú©Ø±Ø¯Ù†	pass	passed
the body excluding the head and neck and limbs	ØªÙ†Ù‡ ØªÙÙ†ÙÙ‡â€ Ù†ÛŒÙ…ØªÙÙ†ÙÙ‡â€ Ø¨Ø¯Ù† ØªØ§Ø¨_Ú¯Ø´Øª	body	body
a collection of particulars considered as a system		body	body
bring into safety		save	saved
save from sins		save	saved
spend less; buy at a reduced price		save	save
one of the inherent cognitive or perceptual powers of the mind	Ø§Ø³ØªØ¹Ø¯Ø§Ø¯ Ø¯Ø§Ù†Ø´Ú©Ø¯Ù‡_Ø±ÙˆØ§Ù†	faculty	faculties
the body of teachers and administrators at a school	Ø¯Ø§Ù†Ø´Ú©Ø¯Ù‡ Ø§Ø³ØªØ¹Ø¯Ø§Ø¯ Ø¯Ø§Ù†ÙØ´Ù’Ú©ÙØ¯ÙÙ‡â€ ÙØ§Ú©ÙˆÙ„ØªÙ‡ Ù¾ÙˆÙ‡Ù†Ø²ÛŒ Ø¯Ø§Ù†Ø´ÙƒØ¯Ù‡ Ø¯Ø§Ù†Ø´Ú©Ø¯Ù‡_Ù‡Ø§ ÙØ§ÙƒÙˆÙ„ØªÙ‡ Ù¾ÙˆÙ‡Ù†Ø­Ù”ÛŒ Ù¾ÙˆÙ‡Ù†Ø­ÛŒ Ù¾ÙˆÙ‡Ù†Ø²ÙŠ	faculty	faculties
a general and progressive increase in prices	ØªÙˆØ±Ù… ØªÙˆØ±Ù…â€ Ø§ÙØ²Ø§ÛŒØ´_Ù‚ÛŒÙ…Øª_Ù‡Ø§ Ø§ÙØ²Ø§ÛŒØ´_Ù‚ÛŒÙ…ØªÙ‡Ø§ Ø§ÙØ²Ø§ÛŒØ´_Ù‚ÛŒÙ…Øªâ€ŒÙ‡Ø§ Ù†Ø±Ø®_ØªÙˆØ±Ù… Ø§ÙØ²Ø§ÙŠØ´_Ù‚ÙŠÙ…Øª_Ù‡Ø§ Ø§ÙØ²Ø§ÙŠØ´_Ù‚ÙŠÙ…ØªÙ‡Ø§ Ø§ÙØ²Ø§ÛŒØ´_Ù‚ÛŒÙ…Øª ØªÙˆØ±Ù…_Ù…ÙˆØ§Ø¯_ØºØ°Ø§ÛŒÛŒØŒ	inflation	inflation
the act of filling something with air		inflation	inflation
something left after other parts have been taken away	ØªÙØ§Ø¶Ù„ Ø±Ø³ÙˆØ¨ÛŒ Ù‚Ø³Ù…Øª_Ø¨Ø§Ù‚ÛŒ_Ù…Ø§Ù†Ø¯Ù‡ Ù¾Ø³Ù…Ø§Ù†Ø¯Ù‡ Ø¨Ø§Ù‚ÛŒ_Ù…Ø§Ù†Ø¯Ù‡ Ø¨Ù‚ÛŒÙ‡	rest	rest
a pause for relaxation	Ø¯ÙˆØ±Ù‡_Ø§Ø³ØªØ±Ø§Ø­Øª	rest	rest
conceal or hide		repress	repress
put out of one's consciousness		repress	repress
an open fabric of string or rope or wire woven together at regular intervals	ØªÙˆØ± Ù…Ø´ ØªÙˆØ±ÛŒâ€ ØªÙˆØ±â€ Ø´ÙØ¨ÙÚ©ÙÙ‡â€ ØªÙˆØ±ÛŒ_Ø¨Ø§ÙÛŒ Ø®Ø§Ù„Øµ Ù…Ø´_Ø³ÛŒÙ…	net	net
the excess of revenues over outlays in a given period of time (including depreciation and other non-cash expenses)	Ø³ÙˆØ¯ Ø³ÙˆØ¯_Ø®Ø§Ù„Øµ Ø¯Ø±Ø¢Ù…Ø¯ Ø¯Ø®Ù„ Ù…Ø§Ù„ Ù…Ù†ÙØ¹Øª Ù¾ÙˆÙ„ Ø§Ù…ÙˆØ§Ù„_Ø¹Ù…ÙˆÙ…ÛŒ Ø¯Ø±Ø¢Ù…Ø¯_Ø®Ø§Ù„Øµ Ø®Ø§Ù„Øµ	net	net
a trap made of netting to catch fish or birds or insects	ØªÙˆØ±	net	net
a fact or assertion offered as evidence that something is true	Ø§Ø³ØªØ¯Ù„Ø§Ù„ Ø¨ÛŒØ§Ù†ÛŒÙ‡	argument	argument
(computer science) a reference or value that is passed to a function, procedure, subroutine, command, or program	Ù¾Ø±Ø§Ø³Ù†Ø¬Ù‡ Ù¾Ø§Ø±Ø§Ù…ØªØ± ÙØ±Ø§Ø³Ù†Ø¬Ù‡	argument	argument
declare to be true or admit the existence or reality or truth of	Ø§Ø¹ØªØ±Ø§Ù	admit	admit
allow to enter; grant entry to	Ø¯Ø§Ø®Ù„_Ú©Ø±Ø¯Ù†	admit	admit
the quality of being at a refreshingly low temperature		cool	cool
great coolness and composure under strain	Ø­Ø§Ù„Øª_Ø¹Ù…ÙˆØ¯ÛŒ ÙˆÙ‚Ø§Ø± assuredness Ø§Ø¹ØªÙ…Ø§Ø¯_Ø¨Ù†ÙØ³ Ø³Ø±Ø¯ Ø³Ù†Ú¯_froid	cool	cool
undergo an emotional sensation or be in a particular state of mind	Ø§Ø­Ø³Ø§Ø³	feel	feel
perceive by a physical sensation, e.g., coming from the skin or muscles	Ø§Ø­Ø³Ø§Ø³	feel	feel
computer network consisting of a collection of internet sites that offer text and graphics and sound and animation resources through the hypertext transfer protocol	ÙˆØ¨_Ø¬Ù‡Ø§Ù†â€ŒÚ¯Ø³ØªØ± www ÙˆØ¨_Ø¬Ù‡Ø§Ù†_Ú¯Ø³ØªØ± Ø§ÙŠÙ†ØªØ±Ù†Øª_Ø¬Ù‡Ø§Ù†_Ø´Ù…ÙˆÙ„ Ø§ÛŒÙ†ØªØ±Ù†Øª_Ø¬Ù‡Ø§Ù†_Ø´Ù…ÙˆÙ„ ØªØ§Ø±_Ø¬Ù‡Ø§Ù†_Ú¯Ø³ØªØ± ØªØ§Ø±_Ø¬Ù‡Ø§Ù†Ú¯Ø³ØªØ± ØªØ§Ø±_Ø¬Ù‡Ø§Ù†â€ŒÚ¯Ø³ØªØ± ØªÙˆØ±_Ø¬Ù‡Ø§Ù†_Ú¯Ø³ØªØ± Ø¬Ù‡Ø§Ù†_ÙˆØ¨ Ø´Ø¨ÙƒÙ‡_Ø¬Ù‡Ø§Ù†ÙŠ_ÙˆØ¨ Ø´Ø¨Ú©Ù‡_Ø¬Ù‡Ø§Ù†ÛŒ_ÙˆØ¨ ÙˆØ¨ ÙˆØ¨_Ø¬Ù‡Ø§Ù†_Ø´Ù…ÙˆÙ„ ÙˆØ¨_Ø¬Ù‡Ø§Ù†ÙŠ ÙˆØ¨_Ø¬Ù‡Ø§Ù†Ú¯Ø³ØªØ± ÙˆØ¨_Ø¬Ù‡Ø§Ù†ÛŒ ÙˆØ¨_Ø¬Ù‡Ø§Ù†â€ŒØ´Ù…ÙˆÙ„ ÙˆØ¨_Ø³Ø±Ø§Ø³Ø±_Ø¬Ù‡Ø§Ù†	web	web
an intricate network suggesting something that was formed by weaving or interweaving		web	web
how something is done or how it happens	Ø§Ø¯Ø¨ Ø±ÙˆØ´ Ù‚Ø³Ù… Ù†ÙˆØ¹ Ø­Ø§Ù„Øª Ø±Ø§Ù‡ Ø³Ø¨Ú©	fashion	fashion
the latest and most admired style in clothes and cosmetics and behavior	Ù…Ø¯ ÙØ´Ù† Ù…ÙØ¯ Ø´ÛŒÚ©	fashion	fashion
a characteristic sound		ring	ring
jewelry consisting of a circlet of precious metal (often set with jewels) worn on the finger	Ø­Ù„Ù‚Ù‡ Ø§Ù†Ú¯Ø´ØªØ± Ø§Ù†Ú¯Ø´ØªØ±â€ Ø­Ù„Ù‚Ù‡â€ Ø§Ù†Ú¯Ø´ØªØ±ÛŒ Ø§Ù†Ú¯Ø´ØªØ±ÙŠ Ù†Ú¯ÙŠÙ† Ø§Ù†Ú¯Ø´Øª_Ø­Ù„Ù‚Ù‡	ring	ring
a platform usually marked off by ropes in which contestants box or wrestle		ring	ring
get into one's hands, take physically	Ø±Ø§	take	take
serve oneself to, or consume regularly	Ø¨Ù‡	take	take
young of domestic cattle	Ú¯ÙˆØ³Ø§Ù„Ù‡	calf	calf
the muscular back part of the shank	Ø³ÙˆØ±Ù‡ Ù¾ÙˆÛŒØ² Ù¾Ø´Øª_Ø³Ø§Ù‚	calf	calf
the story that is told in a novel or play or movie etc.	Ù¾ÛŒØ±Ù†Ú¯ Ù¾ÛŒâ€ŒØ±Ù†Ú¯ plot Ø·Ø±Ø­ Ù¾ÙŠØ±Ù†Ú¯ Ù¾ÙŠÂ­Ø±Ù†Ú¯ Ù¾ÛŒÂ­Ø±Ù†Ú¯	plot	plot
a small area of ground covered by specific vegetation	Ø·Ø±Ø­_Ø²Ù…ÛŒÙ† Ù‚Ø·Ø¹Ù‡_Ø²Ù…ÛŒÙ† Ù…Ù‚Ø¯Ø§Ø±_Ø²ÛŒØ§Ø¯ÛŒ_Ø²Ù…ÛŒÙ†	plot	plot
marked by emotional heat; vehement		heat	heated
made warm or hot ('het' is a dialectal variant of 'heated')	Ú¯Ø±Ù…Ø§ Ø­Ø±Ø§Ø±Øª Ø­Ø±Ø§Ø±ØªÛŒ Ø§Ù†Ø±Ú˜ÛŒ_Ú¯Ø±Ù…Ø§ÛŒÛŒ	heat	heated
a light, self-propelled movement upwards or forwards	Ù…Ø±Ø² Ø¬Ù‡Ø´ Ø¬Ù‡Ø´ØŒ	leap	leap
an abrupt transition		leap	leap
determine the number or amount of		count	count
have faith or confidence in	Ø´Ø±Ø·_Ø¨Ø³ØªÙ† Ù…Ù†ÙˆØ·_Ø¨ÙˆØ¯Ù† ÙˆØ§Ø¨Ø³ØªÙ‡_Ø¨ÙˆØ¯Ù†	count	count
the act of counting; reciting numbers in ascending order	Ø´Ù…Ø§Ø±Ø´ Ø´Ù…Ø§Ø± Ú©Ù†Øª ÙÙ‡Ø±Ø³Øª Ø±Ù†Ø§Ù…ÛŒØ¯Ù†â€ Ø³ÛŒØ§Ù‡Ù‡â€ ÙÙ‡Ø±Ø³Øªâ€ Ù„ÛŒØ³Øªâ€ Ø´Ù…Ø±Ø¯Ù† Ø­Ø³Ø§Ø¨ Ø³ÛŒØ³ØªÙ…_Ø§Ø¹Ø¯Ø§Ø¯	count	count
a nobleman (in various countries) having rank equal to a British earl	Ú©Ù†Øª ÙƒÙ†Øª ÙƒÙ†ØªØ³ Ú©Ù†ØªØ³ comital comtesse countship ØªØ¹Ø¯Ø§Ø¯	count	count
a particular environment or surrounding influence		atmosphere	atmosphere
the mass of air surrounding the Earth	Ø¬Ùˆ_Ø²Ù…ÛŒÙ† Ø§ØªÙ…Ø³ÙØ±_Ø²Ù…ÛŒÙ† Ø¬Ùˆ_Ø²Ù…ÙŠÙ† Ù„Ø§ÙŠÙ‡_Ù‡Ø§ÙŠ_Ø¬Ùˆ_Ø²Ù…ÙŠÙ† Ù„Ø§ÛŒÙ‡_Ù‡Ø§ÛŒ_Ø¬Ùˆ_Ø²Ù…ÛŒÙ† Ù„Ø§ÛŒÙ‡â€ŒÙ‡Ø§ÛŒ_Ø¬Ùˆ_Ø²Ù…ÛŒÙ†	atmosphere	atmosphere
the communication (in speech or writing) of your beliefs or opinions	Ø¨ÛŒØ§Ù† Ø¨ÛŒØ§Ù†_Ø´ÙØ§Ù‡ÛŒ	expression	expressions
a group of symbols that make a mathematical statement	ÙØ±Ù…ÙˆÙ„ Ø¹Ø¨Ø§Ø±Øª Ø¹Ø¨Ø§Ø±Øª_Ø¬Ø¨Ø±ÛŒâ€ Ø¹Ø¨Ø§Ø±Øªâ€ Ø¨ÛŒØ§Ù† Ø¨ÛŒØ§Ù†_Ø±ÛŒØ§Ø¶ÛŒ ÙØ±Ù…ÙˆÙ„_Ø±ÛŒØ§Ø¶ÛŒ	expression	expressions
a long flexible snout as of an elephant	Ø®Ø±Ø·ÙˆÙ… Ù¾ÙˆØ²Ù‡_Ø¯Ø±Ø§Ø²	trunk	trunks
trousers that end at or above the knee	ØµÙ†Ø¯ÙˆÙ‚_Ø®ÙˆØ¯Ø±Ùˆ ØµÙ†Ø¯ÙˆÙ‚_Ø¹Ù‚Ø¨ decklid ØªÙ†Ù‡ ØªÙ†Ù‡_Ø®ÙˆØ¯Ø±Ùˆ Ù…Ø­ÙØ¸Ù‡_ØªÙˆØ´Ù‡	trunk	trunks
an ignorant or foolish person		dummy	dummy
a figure representing the human form		dummy	dummy
a sequence of numbers or letters that opens a combination lock		combination	combination
a collection of things that have been combined; an assemblage of separate parts or qualities	ØªØ±Ú©ÛŒØ¨ÛŒ	combination	combination
a group of people (often temporary) having a common purpose		combination	combination
a framework of ribs	Ø¯Ù†Ø¯Ù‡	rib	ribbing
the act of harassing someone playfully or maliciously (especially by ridicule); provoking someone with persistent annoyances		rib	ribbing
a violent weather condition with winds 64-72 knots (11 on the Beaufort scale) and precipitation and thunder and lightning	Ø·ÙˆÙØ§Ù† ØªØºÛŒÛŒØ±_Ù†Ø§Ú¯Ù‡Ø§Ù†ÛŒ_Ù‡ÙˆØ§ Ø·ÙˆÙØ§Ù†â€ Ú©ÙˆÙ„Ø§Ú©â€ ØªÙ†Ø¯_Ø¨Ø§Ø¯ ØªÙˆÙØ§Ù† ØªÙ†Ø¯Ø¨Ø§Ø¯ Ø·ÙˆÙØ§Ù†_Ø¨Ø§Ø¯ Ø·ÙˆÙØ§Ù†_Ù‡Ø§ÛŒ_Ø®Ø´ÙˆÙ†Øª_Ø¢Ù…ÛŒØ² Ø·ÙˆÙØ§Ù†ØŒ	storm	storm
a violent commotion or disturbance	ØªÙ†Ø¯Ø¨Ø§Ø¯ ØªÙˆÙØ§Ù† Ø¬ÙˆØ´_ÙˆØ®Ø±ÙˆØ´ Ú©ÙˆÙ„Ø§Ú©	storm	storm
a direct and violent assault on a stronghold	ØªÙˆÙØ§Ù† Ú©ÙˆÙ„Ø§Ú©	storm	storm
the concentration of attention or energy on something	ØªÙ…Ø±Ú©Ø²	focus	focus
maximum clarity or distinctness of an image rendered by an optical system		focus	focus
express complaints, discontent, displeasure, or unhappiness	Ø´Ú©Ø§ÛŒØª_Ú©Ø±Ø¯Ù† Ø´Ú©Ø§ÛŒØª	kick	kicking
strike with the foot		kick	kicking
the act of delivering a blow with the foot	Ù„Ú¯Ø¯ Ù„Ú¯Ø¯â€ ØªÛŒÙ¾Ø§ Ø¶Ø±Ø¨Ù‡_ØªØ¨Ø± Ù„Ú¯Ø¯_Ø²Ø¯Ù†	kick	kick
the swift release of a store of affective force	Ø¹Ø¬Ù„Ù‡ Ø¹Ø¬Ù„Ù‡ØŒ	kick	kick
a framework of wood or metal that contains a glass windowpane and is built into a wall or roof to admit light or air	Ù¾Ù†Ø¬Ø±Ù‡	window	window
the time period that is considered best for starting or finishing something		window	window
a television station and its programs	Ú©Ø§Ù†Ø§Ù„_ØªÙ„ÙˆÛŒØ²ÛŒÙˆÙ†ÛŒ Ú©Ø§Ù†Ø§Ù„_ØªÙ„ÙˆÛŒØ²ÛŒÙˆÙ† Ú©Ø§Ù†Ø§Ù„_ØªÙ„ÙˆÛŒØ²ÛŒÙˆÙ†â€ Ú©Ø§Ù†Ø§Ù„â€ Ø´Ø¨Ú©Ù‡Ù”_ØªÙ„ÙˆÛŒØ²ÛŒÙˆÙ†ÛŒ Ú©Ø§Ù†Ø§Ù„_ØªÙ„ÙˆØ²ÛŒÙˆÙ†ÛŒ Ø´Ø¨Ú©Ù‡_ØªÙ„ÙˆÛŒØ²ÛŒÙˆÙ†ÛŒ Ø´Ø¨ÙƒÙ‡_ØªÙ„ÙˆÙŠØ²ÙŠÙˆÙ†ÙŠ Ø´Ø¨ÙƒÙ‡Ù”_ØªÙ„ÙˆÙŠØ²ÙŠÙˆÙ†ÙŠ ÙƒØ§Ù†Ø§Ù„_ØªÙ„ÙˆØ²ÙŠÙˆÙ†ÙŠ ÙƒØ§Ù†Ø§Ù„_ØªÙ„ÙˆÙŠØ²ÙŠÙˆÙ†ÙŠ Ú©Ø§Ù†Ø§Ù„_Ù‡Ø§ÛŒ_ØªÙ„ÙˆÛŒØ²ÛŒÙˆÙ†ÛŒ ØªÙ„ÙˆÛŒØ²ÛŒÙˆÙ†_Ú©Ø§Ù†Ø§Ù„	channel	channels
official routes of communication	Ù…Ø¬Ø±Ø§ÛŒ_Ø§Ø±ØªØ¨Ø§Ø·ÛŒ	channel	channels
a light shower that falls in some locations and not others nearby		sprinkle	sprinkles
bits of sweet chocolate used as a topping on e.g. ice cream	Ù¾Ø§Ø´ÛŒØ¯Ù†	sprinkle	sprinkles
not easy; requiring great physical or mental effort to accomplish or comprehend or endure	Ø³Ø®Øª ØµØ¹Ø¨ Ø¯Ø´ÙˆØ§Ø±â€ Ø³Ø®Øªâ€ ØµØ¹Ø¨â€ Ù…Ø´Ú©Ù„â€ Ø¯Ø´ÙˆØ§Ø±	hard	hardest
resisting weight or pressure	Ø³Ø®Øª	hard	hardest
a reference point to shoot at	Ø¢Ù…Ø§Ø¬â€ Ø³ÛŒØ¨Ù„â€ Ù‡Ø¯Ù	target	target
the goal intended to be attained (and which is believed to be attainable)	Ù…Ù‚ØµÙˆØ¯ Ù‡Ø¯Ùâ€ Ù‡Ø¯Ù	target	target
work out	Ø§Ø³ØªÙ†ØªØ§Ø¬_Ú©Ø±Ø¯Ù† ØªÙˆØ³Ø¹Ù‡	evolve	evolved
undergo development or evolution		evolve	evolved
a question raised for consideration or solution	Ù…Ø³Ø¦Ù„Ù‡ Ù…Ø´Ú©Ù„ Ù…Ø´Ú©Ù„Ø§Øª	problem	problems
a source of difficulty	Ù…Ø´Ú©Ù„	problem	problems
a state of difficulty that needs to be resolved	Ù…Ø´Ú©Ù„ Ù…Ø´Ú© Ú¯Ø±ÙØªØ§Ø±ÛŒ Ù…Ø³Ø¦Ù„Ù‡â€ Ù…Ø´Ú©Ù„â€ Ù…Ø´ÙƒÙ„	problem	problem
an informal term for a father; probably derived from baby talk	Ø¨Ø§Ø¨Ø§ Ù¾Ø§Ù¾Ø§ Ø¨Ø§Ø¨Ø§Ø¬Ø§Ù† Ù¾Ø§Ù¾ Ú©Ø´ÛŒØ´_Ù†Ø§Ø­ÛŒÙ‡ Ù¾Ø¯Ø± pa pappa	pop	Pop
a sweet drink containing carbonated water and flavoring	Ø¬ÙˆØ´_Ø´ÛŒØ±ÛŒÙ† Ø³ÙˆØ¯Ø§ Ú©Ø±Ø¨Ù†Ø§Øª_Ø³Ø¯ÛŒÙ… Ù†ÙˆØ´Ø§Ø¨Ù‡_Ú¯Ø§Ø²Ø¯Ø§Ø±	pop	Pop
an organization to gain political power	Ø­Ø²Ø¨ Ø­ÙØ²Ù’Ø¨â€ Ø­Ø²Ø¨_Ø³ÛŒØ§Ø³ÛŒ Ø§Ø­Ø²Ø§Ø¨_Ø³ÛŒØ§Ø³ÛŒ Ø§Ø­Ø²Ø§Ø¨_Ø³ÙŠØ§Ø³ÙŠ Ø­Ø²Ø¨_Ø³ÙŠØ§Ø³ÙŠ Ú¯Ø±ÙˆÙ‡_Ù‡Ø§ÛŒ_Ø³ÛŒØ§Ø³ÛŒ	party	party
a group of people gathered together for pleasure	Ø­Ø²Ø¨	party	party
(law) a proceeding (usually by a court) where evidence is taken for the purpose of determining an issue of fact and reaching a decision based on that evidence		hear	hearing
the ability to hear; the auditory faculty	Ø´Ù†ÛŒØ¯Ù† Ø´ÙÙ†ÛŒØ¯ÙÙ†â€ Ø´ÙÙ†ÛŒØ¯ÙÙ†â€	hear	hearing
an accumulation caused by clogging or a stoppage		backup	backup
(computer science) a copy of a file or directory on a separate storage device	ÙØ±Ø§ÛŒÙ†Ø¯_Ù¾Ø´ØªÛŒØ¨Ø§Ù†ÛŒ Ø¨Ú©_Ø¢Ù¾ Ù¾Ø´ØªÛŒØ¨Ø§Ù†â€ Ø¨Ùƒ_Ø¢Ù¾ Ø¨Ùƒ_Ø§Ù¾ Ø¨Ú©_Ø§Ù¾ ÙØ±Ø¢ÙŠÙ†Ø¯_Ù¾Ø´ØªÙŠØ¨Ø§Ù†ÙŠ ÙØ±Ø§ÛŒÙ†Ø¯_Ù¾Ø´ØªÛŒØ¨Ø§Ù†_Ú¯ÛŒØ±ÛŒ ÙØ±Ø¢ÛŒÙ†Ø¯_Ù¾Ø´ØªÛŒØ¨Ø§Ù†ÛŒ ÙØ±Ø§ÙŠÙ†Ø¯_Ù¾Ø´ØªÙŠØ¨Ø§Ù†ÙŠ Ù†Ø³Ø®Ù‡_Ù¾Ø´ØªÙŠØ¨Ø§Ù† Ù†Ø³Ø®Ù‡_Ù¾Ø´ØªÛŒØ¨Ø§Ù† Ø¨Ø§Ø²Ú¯Ø´Øª_Ø¨Ù‡_Ø¨Ø§Ù„Ø§ ØªÙ‡ÛŒÙ‡_Ù¾Ø´ØªÛŒØ¨Ø§Ù†_Ú©Ø§Ù…Ù¾ÛŒÙˆØªØ± Ù¾Ø´ØªÛŒØ¨Ø§Ù†_Ú¯ÛŒØ±ÛŒ	backup	backup
the physical condition of being stretched or strained	Ø³ÙØªÛŒ ÙˆØ®Ø§Ù…Øª Ø´Ø¯Øª	tension	tension
(psychology) a state of mental or emotional strain or suspense	Ø§Ø³ØªØ±Ø³ ØªÙ†ÛŒØ¯Ú¯ÛŒ Ø±ÙˆØ§Ù†_ØªÙ†Ø´ Ø±ÙˆØ§Ù†â€ŒØªÙ†Ø´ ÙØ´Ø§Ø±_Ø¹ØµØ¨ÛŒ Ø§Ø³ØªØ±Ø³_Ø¹Ø§Ø·ÙÛŒ Ø§Ø³ØªØ±Ø³_Ù‡Ø§ÛŒ_Ù…Ø­ÛŒØ·ÛŒ	tension	tension
written contract or certificate of insurance	Ø¨ÛŒÙ…Ù‡ Ø¨ÛŒÙ…Ù‡_Ù†Ø§Ù…Ù‡ Ø®Ø·_Ù…Ø´ÛŒ Ø³ÛŒØ§Ø³ØªÙ…Ø¯Ø§Ø±ÛŒ Ù…ØµÙ„Ø­Øª_Ø§Ù†Ø¯ÛŒØ´ÛŒ	policy	policy
a plan of action adopted by an individual or social group	Ø³ÛŒØ§Ø³Øª	policy	policy
use as a basis for; found on		ground	grounded
connect to a ground		ground	grounded
be lying, be prostrate; be in a horizontal position	Ø¯Ø±Ø§Ø²_Ú©Ø´ÛŒØ¯Ù†â€	lie	lie
tell an untruth; pretend with intent to deceive		lie	lie
a statement that deviates from or perverts the truth	Ø¯Ø±ÙˆØº Ø­Ø±Ù_Ø¯Ùˆ_Ù¾Ù‡Ù„Ùˆ ÙˆØ¶Ø¹ Ú©Ø°Ø¨ Ø¯Ø±ÙˆØ¬ ÙƒØ°Ø§Ø¨ Ú©Ø°Ø§Ø¨ ğŸ¤¥	lie	lie
position or manner in which something is situated	Ø¯Ø±ÙˆØº ÙˆØ¶Ø¹	lie	lie
lighter consisting of a thin piece of wood or cardboard tipped with combustible chemical; ignites with friction	Ú©Ø¨Ø±ÛŒØª Ú©Ø¨Ø±ÛŒØªâ€ Ú†ÙˆØ¨_Ú©Ø¨Ø±ÛŒØª ÙƒØ¨Ø±ÙŠØª Ú†ÙˆØ¨_ÙƒØ¨Ø±ÙŠØª Ø¨Ø§Ø²ÛŒ_Ù‡Ø§ÛŒ_Ø§ÛŒÙ…Ù†ÛŒ Ù…Ø³Ø§Ø¨Ù‚Ù‡_Ø§ØµØ·Ú©Ø§Ú© Ú©Ø¨Ø±ÛŒØªÛŒ_Ú©Ù‡_Ø¨Ø§_Ø§ØµØ·Ú©Ø§Ú©_Ùˆ_Ù…Ø§Ù„Ø´_Ø±ÙˆØ´Ù†_Ù…ÛŒ_Ø´ÙˆØ¯	match	match
a formal contest in which two or more persons or teams compete		match	match
provide (usually but not necessarily food)	Ø®Ø¯Ù…Øª	serve	serve
put the ball into play		serve	serve
being or characteristic of a single thing or person	ØªÙ†Ù‡Ø§ ÙØ±Ø¯ÛŒ	single	single
not married or related to the unmarried state		single	single
very bad		lousy	lousy
infested with lice		lousy	lousy
a preliminary sketch of a design or picture	Ø·Ø±Ø§Ø­ÛŒ_Ø®Ø´Ù†	draft	draft
a serving of drink (usually alcoholic) drawn from a keg	Ø´Ø±Ø¨ Ù†ÙˆØ´ Ù…Ø³Øª_Ú©Ø±Ø¯Ù†	draft	draft
street names for marijuana	Ø§Ù†Ø¯Ø§Ø²Ù‡ Ø¯Ø±Ø¬Ù‡ sess Ø³Ø¨Ø²_Ø§Ù„Ù‡Ù‡ Ø³Ù†Ø³ÙˆØ± Ù…Ø±ÛŒ_Ø¬ÛŒÙ†	grass	grass
narrow-leaved green herbage: grown as lawns; used as pasture for grazing animals; cut and dried as hay	Ú†Ù…Ù† Ø¹Ù„Ù	grass	grass
soft decayed area in a tooth; progressive decay can lead to the death of a tooth	Ù¾ÙˆØ³ÛŒØ¯Ú¯ÛŒ_Ø¯Ù†Ø¯Ø§Ù† Ú©Ø±Ù…_Ø®ÙˆØ±Ø¯Ú¯ÛŒ_Ø¯Ù†Ø¯Ø§Ù† Ù¾ÙˆØ³ÛŒØ¯Ú¯ÛŒ_Ø§Ø³ØªØ®ÙˆØ§Ù† Ú¯ÙˆØ¯Ø§Ù„ Ù¾ÙˆØ³ÛŒØ¯Ú¯ÛŒ_Ø¯Ù†Ø¯Ø§Ù†ÛŒ Ù¾ÙˆØ³ÙŠØ¯Ú¯ÙŠ_Ø¯Ù†Ø¯Ø§Ù† Ù¾ÙˆØ³ÙŠØ¯Ú¯ÙŠ_Ø¯Ù†Ø¯Ø§Ù†ÙŠ Ù¾ÙˆØ³ÛŒØ¯Ú¯ÛŒ Ù¾ÙˆØ³ÛŒØ¯Ú¯ÛŒ_Ø²Ø§	cavity	cavity
(anatomy) a natural hollow or sinus within the body	Ø­ÙØ±Ù‡_Ø¨Ø¯Ù†ÛŒ Ø­ÙØ±Ù‡_Ø¨Ø¯Ù†ÙŠ Ø­ÙØ±Ù‡Ù”_Ø¨Ø¯Ù†ÛŒ cavum Ø­ÙØ±Ù‡_Ø¨Ø¯Ù†	cavity	cavity
approval	Ø§Ø¹ØªØ¨Ø§Ø±	credit	credit
money available for a client to borrow	Ø§Ø¹ØªØ¨Ø§Ø±ÛŒ	credit	credit
reduce or cause to be reduced from a solid to a liquid state, usually by heating		melt	melting
become less intense and fade away gradually		melt	melting
an entertainer who has a sensational effect	Ø¨Ø§Ù…Ø¨â€ŒØ´Ù„	bombshell	bombshell
an explosive bomb or artillery shell	Ø¨Ù…Ø¨	bombshell	bombshell
warm-blooded egg-laying vertebrates characterized by feathers and forelimbs modified as wings	Ù¾Ø±Ù†Ø¯Ù‡ Ù¾ÙØ±ÙÙ†Ø¯ÙÙ‡ aves Ù¾Ø±Ù†Ø¯Ú¯Ø§Ù† Ø¬ÙˆØ¬Ù‡ Ø¬ÙˆØ¬Ù‡_Ù…Ø±Øº ğŸ¦ avafauna roosting ÙÙ‡Ø±Ø³Øª_Ù¾Ø±Ù†Ø¯Ú¯Ø§Ù†	bird	bird
badminton equipment consisting of a ball of cork or rubber with a crown of feathers	Ø´Ø§ØªÙ„_Ú©Ø§Ú© Ø¬ÙˆØ¬Ù‡ Ù…Ø§Ú©Ùˆ Ù…Ø±Øº ØªÙˆÙ¾_Ø¨Ø¯Ù…ÛŒÙ†ØªÙˆÙ† Ø´Ø§ØªÙ„_ÙƒØ§Ùƒ Ù¾Ø±Ù†Ø¯Ù‡ Ú¯ÙˆÛŒ_Ù¾Ø±Ø¯Ø§Ø±_Ù…Ø®ØµÙˆØµ_Ø¨Ø§Ø²ÛŒ_Ø¨Ø¯Ù…ÛŒÙ†ØªÙ†	bird	bird
the ideal in terms of which something can be judged	Ø¶Ø§Ø¨Ø·Ù‡ Ù…Ø¹ÛŒØ§Ø± Ù…Ù‚ÛŒØ§Ø³ Ù…Ù„Ø§Ú© Ù…ÛŒØ²Ø§Ù† Ù…Ø¹ÛŒØ§Ø±â€	standard	standards
any distinctive flag	Ø§Ø³ØªØ§Ù†Ø¯Ø§Ø±Ø¯_heraldic Ù¾Ø±Ú†Ù…_heraldic Ù¾Ø±Ú†Ù…_Ú©ÙˆÚ†Ú©	standard	standards
general term for any insect or similar creeping or crawling invertebrate		bug	bugs
a fault or defect in a computer program, system, or machine	Ø§Ø´Ú©Ø§Ù„_Ú©Ø§Ù…Ù¾ÛŒÙˆØªØ± Ù‚Ø·Ø¹ÛŒ Ù…Ø´Ú©Ù„Ø§Øª	bug	bugs
a serving that has been cut from a larger portion		slice	slice
a golf shot that curves to the right for a right-handed golfer	Ø¨Ø±Ø´	slice	slice
the striking of one body against another	Ø¶Ø±Ø¨Ù‡ ØªØ§Ø«ÛŒØ±	impact	impact
a forceful consequence; a strong effect	ØªØ§Ø«ÙŠØ± ØªØ§Ø«ÛŒØ±	impact	impact
a small piece or quantity of something	Ø¨ÛŒØª Ú©Ù…ÛŒ	bit	bit
piece of metal held in horse's mouth by reins and used to control the horse while riding	Ø¹Ù†Ø§Ù† Ù„Ú¯Ø§Ù… Ø¯Ù‡Ù†Ù‡	bit	bit
a very attractive or seductive looking woman	Ø¬Ù…Ø§Ù„ Ø­Ø³Ù† countout Ø·Ø±ÙØ¯Ø§Ø±_Ú©Ø´ØªÛŒ Ù„ÙˆÙ„Ùˆ Ù…Ø³Ø§Ø¨Ù‚Ø§Øª_Ú©Ø´ØªÛŒ_Ø­Ø±ÙÙ‡_Ø§ÛŒ Ú©Ø´ØªÛŒ_Ø­Ø±ÙÙ‡_Ø§ÛŒ Ú©Ø´ØªÛŒ_Ú¯ÛŒØ±_Ø·Ø±ÙØ¯Ø§Ø± Ú©Ø´ØªÛŒ_Ú¯ÛŒØ±Ø§Ù†_Ø­Ø±ÙÙ‡_Ø§ÛŒ	knockout	knockout
a blow that renders the opponent unconscious	Ø¶Ø±Ø¨Ù‡_ÙÙ†ÛŒ Ù†Ø§Ú©_Ø§ÙˆØª Ù†Ø§Ú©â€ŒØ§ÙˆØª Ø¶Ø±Ø¨Ù‡_ÙÙ†ÙŠ Ø¶Ø±Ø¨Ù‡â€ŒÙÙ†ÛŒ Ù†Ø§Ùƒ_Ø¢ÙˆØª Ù†Ø§Ùƒ_Ø§ÙˆØª Ù†Ø§Ùƒ_Ø¯Ø§Ù† Ù†Ø§Ùƒ_Ø¯Ø§ÙˆÙ† Ù†Ø§Ú©_Ø¢ÙˆØª Ù†Ø§Ú©_Ø¯Ø§Ù† Ù†Ø§Ú©_Ø¯Ø§ÙˆÙ† Ù†Ø§Ú©â€ŒØ¢ÙˆØª Ù†Ø§Ú©â€ŒØ¯Ø§Ù† Ù†Ø§Ú©â€ŒØ¯Ø§ÙˆÙ† Ø§Ø²_Ù¾Ø§_Ø¯Ø±_Ø§ÙˆØ±Ø¯Ù† Ø­Ø°ÙÛŒ	knockout	knockout
used of physical heat; having a high or higher than desirable temperature or giving off heat or feeling or causing a sensation of heat or burning	Ú¯Ø±Ù…	hot	hot
extended meanings; especially of psychological heat; marked by intensity or vehemence especially of passion or enthusiasm		hot	hot
an unshakable belief in something without need for proof or evidence	Ù…Ø¬Ø±Ù…ÛŒØª Ù…Ø­Ú©ÙˆÙ…ÛŒØª Ù…ØªÙ‚Ø§Ø¹Ø¯ Ø§Ø¹ØªÙ‚Ø§Ø¯_Ù‚ÙˆÛŒ	conviction	conviction
(criminal law) a final judgment of guilty in a criminal case and the punishment that is imposed	Ø­Ú©Ù… Ù…Ø­Ú©ÙˆÙ…ÛŒØª Ø¬Ù…Ù„Ù‡ Ù…Ø¬Ø±Ù…ÛŒØª Ø­Ú©Ù…_Ø²Ù†Ø¯Ø§Ù† Ù‚Ø¶Ø§ÙˆØª_Ø§Ø²_Ø§Ø¹ØªÙ‚Ø§Ø¯	conviction	conviction
a flower that blooms in a particular way		bloomer	bloomers
underpants worn by women	Ø§Ø´ØªØ¨Ø§Ù‡_Ø§Ø­Ù…Ù‚Ø§Ù†Ù‡ Ø§Ø´ØªØ¨Ø§Ù‡_Ù„Ù¾ÛŒ Ø´Ø®Øµ_Ø¨Ø§Ù„Øº ÙˆØ±Ù… bloopers Ø¨Ø¯ Ø­Ù„Ù‚Ù‡_Ø§Ø´ØªØ¨Ø§Ù‡_Ø§Ø­Ù…Ù‚Ø§Ù†Ù‡ Ø®Ø¨Ø· Ø¯Ø³Øª_Ù¾Ø§Ú†Ù‡_Ø´Ø¯Ù†_Ùˆ_Ø¨Ù‡Ù…_Ù…Ø®Ù„ÙˆØ·_Ú©Ø±Ø¯Ù† Ø¯Ø³Øª_Ù¾Ø§Ú†Ú¯ÛŒ Ø³Ø±Ù‡Ù…_Ø¨Ù†Ø¯ÛŒ_Ú©Ø±Ø¯Ù†	bloomer	bloomers
savory dressings for salads; basically of two kinds: either the thin French or vinaigrette type or the creamy mayonnaise type	Ø¢Ø±Ø§ÛŒØ´ Ø·Ø±Ø² Ø·Ø±Ø²_Ø±ÙØªØ§Ø± Ù¾ÙˆØ´Ø§Ú©_ÙˆÛŒÚ˜Ù‡ Ú©Ø³ÙˆØª Ù„Ø¨Ø§Ø³ Ù„Ø¨Ø§Ø³_Ù†Ø¸Ø§Ù…ÛŒ	dress	dressing
the activity of getting dressed; putting on clothes		dress	dressing
an article giving opinions or perspectives	Ø³Ø±Ù…Ù‚Ø§Ù„Ù‡ Ø³ØªÙˆÙ†_Ø±ÙˆØ²Ù†Ø§Ù…Ù‡ Ø³ØªÙˆÙ† Ù…Ù‚Ø§Ù„Ù‡_Ù¾ÛŒØ´Ø±Ùˆ	column	columns
(architecture) a tall vertical cylindrical structure standing upright and used to support a structure	Ø³ØªÙˆÙ† Ø³ØªÙˆÙ†_Ø¯Ø±_Ø³Ø§Ø®ØªÙ…Ø§Ù† Ø³ØªÙˆÙ†â€ŒÙ‡Ø§	column	columns
any of numerous European and North American birds having pointed wings and a long tail	ÙØ§Ø®ØªÙ‡ Ú©ÙˆÚ©Ùˆ Ø¯ÛŒÙˆØ§Ù†Ù‡ cuculus_canorus ÙƒÙˆÙƒÙˆ Ú©ÙˆÚ©ÙˆÛŒØ§Ù† cuckoos	cuckoo	cuckoo
a man who is a stupid incompetent fool	Ø¯ÛŒÙˆØ§Ù†Ù‡ ÙØ§Ø®ØªÙ‡ Ù„ÙˆØ¯Ù‡ fathead	cuckoo	cuckoo
the basis on which something is grounded		foundational	foundational
lowest support of a structure		foundational	foundational
a lightweight handheld collapsible canopy	Ú†ØªØ± Ø³Ø§ÛŒØ¨Ø§Ù† Ø­ÙØ§Ø¸ Ø³Ø§ÛŒÙ‡â€ŒØ¨Ø§Ù† Ø³Ø§ÛŒÙ‡Ù”_Ø¨Ø§Ù† ğŸŒ‚ parasols Ú†ØªØ±_Ø¢ÙØªØ§Ø¨ÛŒ Ú†ØªØ±ØŒ	umbrella	umbrella
having the function of uniting a group of similar things		umbrella	umbrella
stunned or confused and slow to react (as from blows or drunkenness or exhaustion)		foggy	foggiest
filled or abounding with fog or mist		foggy	foggiest
an unforeseen obstacle		hitch	hitch
a knot that can be undone by pulling against the strain that holds it; a temporary knot		hitch	hitch
greater than normal in degree or intensity or amount	Ø¨Ø§Ù„Ø§	high	high
(literal meaning) being at or having a relatively great or specific elevation or upward extension (sometimes used in combinations like 'knee-high')	Ø¨Ø§Ù„Ø§	high	high
look furtively		peep	peeped
speak in a hesitant and high-pitched tone of voice		peep	peeped
behave in a certain manner	Ø§Ø¯Ø¨_Ù†Ú¯Ø§Ù‡_Ø¯Ø§Ø´ØªÙ† Ø§Ù†Ø¬Ø§Ù…_ÙˆØ¸ÛŒÙÙ‡_Ú©Ø±Ø¯Ù† Ø¨Ø±Ø§Ø¦Øª_Ú©Ø±Ø¯Ù† Ø­Ø§Ù…Ù„_Ø¨ÙˆØ¯Ù† Ø¯Ø±Ø¨Ø±Ø¯Ø§Ø´ØªÙ† Ø³Ø§Ø²Ø´_Ú©Ø±Ø¯Ù†	conduct	conduct
lead, as in the performance of a composition	Ø§Ù†Ø¬Ø§Ù… Ø±Ù‡Ø¨Ø±ÛŒ	conduct	conduct
a woman's sleeveless undergarment	Ù„ÛŒØ²Ù¾ÙˆØ´ Ø²ÛŒØ±Ù¾ÙˆØ´_Ø¨Ù„Ù†Ø¯ Ø²ÛŒØ±Ù¾ÙˆØ´_Ø±Ú©Ø§Ø¨ÛŒ Ù„Ø¨Ø§Ø³_Ø®ÙˆØ§Ø¨ Ù„Ø¨Ø§Ø³_Ù…Ø§Ú©Ø³ÛŒ ÛŒÚ©Ø¯Ø³Øªâ€ŒÙ¾ÙˆØ´ Ù„ÙŠØ²Ù¾ÙˆØ´ Ù„ØºØ²Ø´	slip	slip
the act of avoiding capture (especially by cunning)	eluding Ú¯Ø±ÛŒØ²	slip	slip
a device for creating a current of air by movement of a surface or surfaces	ÙÙ† Ø¨Ø§Ø¯_Ø¨Ø²Ù† ÙÙ†_Ø§Ù„Ú©ØªØ±ÛŒÚ©ÛŒ ÙÙ†_Ø®Ù†Ú©_Ú©Ù†Ù†Ø¯Ù‡ ÙÙ†_Ù…Ú©Ø§Ù†ÛŒÚ©ÛŒ	fan	fan
an ardent follower and admirer	Ù‡ÙˆØ§Ø¯Ø§Ø± Ø¯ÙˆØ³ØªØ¯Ø§Ø± ÙØ§Ø³Ù‚ Ù…Ø¬Ø§Ù‡Ø¯ Ù…Ø®Ù„Øµ Ø¹Ø§Ø´Ù‚â€ Ù…Ø±ÛŒØ¯	fan	fan
an enthusiastic devotee of sports	Ø·ÙØ±ÙÙÙ’Ø¯Ø§Ø±â€ ÙÙÙ†â€ Ù‡ÙÙˆØ§Ø¯Ø§Ø±â€ fanboy_Ø¯Ø± Ø®ÛŒØ´ Ø·Ø±ÙØ¯Ø§Ø±Ø§Ù†_ÙˆØ±Ø²Ø´ ÙÙ† Ù‡Ù†Ø±Ø¯ÙˆØ³ØªØ§Ù†	fan	fans
to extremes		overboard	overboard
from on board a vessel into the water		overboard	overboard
a sense of concern with and curiosity about someone or something	Ø¹Ù„Ø§Ù‚Ù‡ Ø§Ù‡ØªÙ…Ø§Ù…â€ Ø¹Ù„Ø§Ù‚Ù‡â€	interest	interest
a fixed charge for borrowing money; usually a percentage of the amount borrowed	Ø¨Ù‡Ø±Ù‡ Ø¨Ù‡Ø±Ù‡â€ Ù†Ø±Ø®_Ø¨Ù‡Ø±Ù‡	interest	interest
a distinctive interpretation (especially as used by politicians to sway public opinion)	Ø§Ø³Ù¾ÛŒÙ†_Ø¯Ú©ØªØ± Ú†Ø±Ø®Ø´ ØªÙˆØ¬ÛŒÙ‡_Ú¯Ø±ÛŒ ØªÙˆØ¬ÛŒÙ‡Ù”_Ú¯Ø±ÛŒ Ø§Ø³Ù¾ÙŠÙ†_Ø¯ÙƒØªØ± ØªÙˆØ¬ÙŠÙ‡_Ú¯Ø±ÙŠ ØªÙˆØ¬ÙŠÙ‡Ù”_Ú¯Ø±ÙŠ ØªÙˆØ¬ÛŒÙ‡â€ŒÚ¯Ø±ÛŒ Ù„ØºØªâ€ŒØ¨Ø§Ø² Ù„ØºØªâ€ŒØ¨Ø§Ø²ÛŒ Ú†Ø±Ø®Ø´_Ø®Ø¨Ø±ÛŒ	spin	spins
the act of rotating rapidly	Ú†Ø±Ø®Ø´ Ú¯Ø±Ø¯Ø´	spin	spins
hang freely		suspend	suspended
bar temporarily; from school, office, etc.	Ù…Ø§Ù†Ø¹_Ø´Ø¯Ù†	suspend	suspended
a meeting arranged in advance		date	date
sweet edible fruit of the date palm with a single long woody seed	Ø®Ø±Ù…Ø§Ø±Ø·Ø¨â€ Ø®Ø±Ù…Ø§â€	date	date
the act of reducing the amount or number		cut	cuts
the act of shortening something by chopping off the ends	Ø¨Ø±Ø´	cut	cuts
shorten as if by severing the edges or ends of		cut	cutting
be able to manage or manage successfully		cut	cutting
the act of cutting something into parts		cut	cut
(sports) a stroke that puts reverse spin on the ball		cut	cut
separate with or as if with an instrument		cut	cut
a neutral zone between two rival powers that is created in order to diminish the danger of conflict	Ù…Ù†Ø·Ù‚Ù‡_Ø­Ø§Ø¦Ù„ Ø¨Ø§ÙØ±_Ù…Ù†Ø·Ù‚Ù‡	buffer	buffer
an implement consisting of soft material mounted on a block; used for polishing (as in manicuring)		buffer	buffer
be capable of holding or containing		contain	contains
lessen the intensity of; temper; hold in restraint; hold or keep within limits	ØªØ¹Ø¯ÙŠÙ„â€Œ_ÙƒØ±Ø¯Ù†â€Œ Ú©Ù†ØªØ±Ù„	contain	contains
an unfortunate mishap; especially one causing damage or injury	Ø­Ø§Ø¯Ø«Ù‡ Ø³Ø§Ù†Ø­Ù‡ Ø§ØªÙØ§Ù‚ÛŒ ØªØµØ§Ø¯Ù_Ø§ØªÙˆÙ…Ø¨ÛŒÙ„ Ø´ÛŒØ¦ÛŒ Ø¹Ø§Ø±Ø¶Ù‡ ÙˆØ§Ù‚Ø¹Ù‡_Ù†Ø§Ú¯ÙˆØ§Ø± Ù¾ÛŒØ´Ø§Ù…Ø¯ ØªØµØ§Ø¯Ù ØªØµØ§Ø¯ÙØ§Øª Ø­ÙˆØ§Ø¯Ø« ØªØµØ§Ø¯ÙØŒ Ù…Ø±Ú¯_ØªØµØ§Ø¯ÙÛŒ	accident	accident
anything that happens suddenly or by chance without an apparent cause	Ø§ØªÙØ§Ù‚ÛŒ ØªØµØ§Ø¯Ù_Ø§ØªÙˆÙ…Ø¨ÛŒÙ„ Ø­Ø§Ø¯Ø«Ù‡ Ø³Ø§Ù†Ø­Ù‡ Ø´ÛŒØ¦ÛŒ Ø¹Ø§Ø±Ø¶Ù‡ Ù‚Ø¶Ø§_ÙˆÙ‚Ø¯Ø± ÙˆØ§Ù‚Ø¹Ù‡_Ù†Ø§Ú¯ÙˆØ§Ø± Ù¾ÛŒØ´Ø§Ù…Ø¯ Ø±ÙˆÛŒØ¯Ø§Ø¯_Ø´Ø§Ù†Ø³ Ù‚Ø¶Ø§_Ùˆ_Ù‚Ø¯Ø±	accident	accident
sound of rapid vibration	Ø¢ÙˆØ§Ø²Ù‡ Ø´Ø§ÛŒØ¹Ù‡ Ù‡Ù…_Ù‡Ù…Ù‡ ÙˆØ²ÙˆØ² bombilation bombination	buzz	buzz
a confusion of activity and gossip	Ø¢ÙˆØ§Ø²Ù‡ Ø´Ø§ÛŒØ¹Ù‡ Ù‡Ù…_Ù‡Ù…Ù‡ ÙˆØ²ÙˆØ²	buzz	buzz
a fixed and persistent intent or purpose	Ø§Ø±Ø§Ø¯Ù‡ Ø§Ø±Ø§Ø¯Ù‡_Ù†ÛŒÚ©	will	will
a legal document declaring a person's wishes regarding the disposal of their property when they die	ÙˆØµÛŒØªâ€ Ø§Ø±Ø§Ø¯Ù‡	will	will
(geometry) a plane rectangle with four equal sides and four right angles; a four-sided regular polygon	Ù…Ø±Ø¨Ø¹ Ù„ÙˆØ²ÛŒ â¬› â¬œ â¬¥ â¬¦	square	square
someone who doesn't understand what is going on		square	square
pod of the peanut vine containing usually 2 nuts or seeds; 'groundnut' and 'monkey nut' are British terms	Ø¨Ø§Ø¯Ø§Ù…_Ø²Ù…ÛŒÙ†ÛŒ Ø¨Ø§Ø¯Ø§Ù…_Ú©ÙˆÙ‡ÛŒ goober Ù…Ù‡Ø±Ù‡_Ù…ÛŒÙ…ÙˆÙ† Ù†Ø®ÙˆØ¯_goober	peanut	peanuts
an insignificant sum of money; a trifling amount		peanut	peanuts
a number that has no factor but itself and 1	Ù…Ù‚Ø¯Ø§Ø±_Ù†Ø®Ø³Øª Ù†Ø®Ø³Øª	prime	prime
of superior grade		prime	prime
the period of greatest prosperity or productivity	Ø¨Ù‡_Ø¨Ù‡ Ø³Ø± Ø´Ú©ÙˆÙÙ‡ Ø¹Ø¬Ø¨ Ù…ÛŒÙˆÙ‡ Ú¯Ù„ Ø§ÙˆØ¬_Ø®ÙˆØ´_Ø¨Ø®ØªÛŒ	prime	prime
the choicest or most essential or most vital part of some idea or experience	Ø¬ÙˆÙ‡Ø± Ø¬Ø§Ù†_Ú©Ù„Ø§Ù… Ù‚ÙˆØª Ù…Ø·Ù„Ø¨_Ø¹Ù…Ø¯Ù‡ Ù†Ú©ØªÙ‡_Ù…Ù‡Ù… Ø¬ÙˆÙ‡Ø±_Ùˆ_Ø¹Ø±Ø¶ nitty-Ø±ÛŒÚ¯_Ø¯Ø§Ø± Ø§Ø³Ø§Ù†Ø³ Ù‚Ù„Ø¨_Ùˆ_Ø±ÙˆØ­	heart	heart
the hollow muscular organ located behind the sternum and between the lungs; its rhythmic contractions move the blood through the body	Ù‚Ù„Ø¨ Ø³Ø§Ø¹Øª Ø¯Ù„ Ù…ÛŒØ§Ù† Ù‚Ù„Ø¨_Ø§Ù†Ø³Ø§Ù† ğŸ«€ Ù‚Ù„Ø¨_Ø±Ø§Ø³Øª Ù‚Ù„Ø¨ÛŒ	heart	heart
show a response or a reaction to something		reaction	reaction
undergo a chemical reaction; react with another substance under certain conditions	ÙˆØ§Ú©Ù†Ø´_Ø´ÛŒÙ…ÛŒØ§ÛŒÛŒ ÙˆØ§Ú©Ù†Ø´_Ø´ÛŒÙ…ÛŒØ§ÛŒÛŒâ€ ÙˆØ§Ú©Ù†Ø´â€ŒÙ‡Ø§ÛŒ_Ø´ÛŒÙ…ÛŒØ§ÛŒÛŒ ÙˆØ§Ú©Ù†Ø´_Ù‡Ø§ÛŒ_Ø´ÛŒÙ…ÛŒØ§ÛŒÛŒ ÙˆØ§ÙƒÙ†Ø´_Ø´ÙŠÙ…ÙŠØ§ÙŠÙŠ ÙˆØ§ÙƒÙ†Ø´_Ù‡Ø§ÙŠ_Ø´ÙŠÙ…ÙŠØ§ÙŠÙŠ Ø´ÛŒÙ…ÛŒØ§ÛŒÛŒ ÙˆØ§Ú©Ù†Ø´	reaction	reaction
a period of indeterminate length (usually short) marked by some action or condition	Ø¯Ø±_Ø­ÛŒÙ† Ø§ÙØ³ÙˆÙ† ØªØ§Ù…ÙˆÙ‚Ø¹ÛŒ_Ú©Ù‡ Ø¬Ø§Ø¯Ùˆ Ø­Ø§Ù„_Ø§Ù†Ú©Ù‡ Ø¯Ø±_ØµÙˆØ±ØªÛŒÚ©Ù‡ Ø³Ø­Ø± Ù…Ø§Ø¯Ø§Ù…ÛŒÚ©Ù‡	patch	patch
a mental position from which things are viewed	Ø¯ÛŒØ¯Ú¯Ø§Ù‡ Ù†Ù‚Ø·Ù‡_Ù†Ø¸Ø± Ø¯ÛŒØ¯ Ù„Ø­Ø§Ø¸ Ù†Ø¸Ø± Ù†Ù‚Ø·Ù‡_Ø«Ø§Ø¨Øª Ù†Ù‚Ø·Ù‡Ù†Ø¸Ø±â€	viewpoint	viewpoint
a place from which something can be viewed	Ø¯ÛŒØ¯Ú¯Ø§Ù‡ Ù„Ø­Ø§Ø¸ Ù†Ø¸Ø± Ù†Ù‚Ø·Ù‡_Ù†Ø¸Ø±	viewpoint	viewpoint
disgraceful gossip about the private lives of other people	Ø§ÙØªØ¶Ø§Ø­ ØªÙ‡Ù…Øª Ø³Ø±_Ø´Ø§ÛŒØ¹Ù‡_Ø³Ø§Ø²ÛŒ_Ù‡Ø§ÛŒ_Ù…Ø®Ø±Ø¨	dirt	dirt
the part of the earth's surface consisting of humus and disintegrated rock	Ø²Ù…ÛŒÙ† Ø®Ø§Ú© Ø®Ø§Ú©ÛŒ	dirt	dirt
the sensation that results when taste buds in the tongue and throat convey information about the chemical composition of a soluble stimulus	Ø·Ø¹Ù… Ù…Ø²Ù‡ Ø·Ø¹Ù…â€ Ù…Ø²Ù‡â€ ØªÙ„Ø®ÙŠ ØªÙ„Ø®ÛŒ ØªØ±Ø´ ØªØ±Ø´ÙŠ ØªØ±Ø´ÛŒ ØªÙ„Ø® Ø®ÙˆØ´_Ù…Ø²Ù‡ Ø®ÙˆØ´Ù…Ø²Ù‡ Ø®ÙˆØ´â€ŒÙ…Ø²Ù‡ Ø´ÙˆØ±ÙŠ Ø´ÙˆØ±ÛŒ Ù…Ø²Ù‡_ØªØ±Ø´ Ù…Ø²Ù‡_ØªØ±Ø´ÙŠ Ù…Ø²Ù‡_ØªØ±Ø´ÛŒ Ù…Ø²Ù‡_ØªÙ„Ø® Ù…Ø²Ù‡_ØªÙ„Ø®ÛŒ Ù…Ø²Ù‡_ØªÙ†Ø¯ Ù…Ø²Ù‡_Ø´ÙˆØ± Ù…Ø²Ù‡_Ø´ÙˆØ±ÛŒ Ù…Ø²Ù‡_Ù…Ù„Ø³ Ù…Ø²Ù‡_Ú¯Ø³ Ù…Ù„Ø³ Ú†Ø´ÙŠØ¯Ù† Ø§Ø­Ø³Ø§Ø³_Ø·Ø¹Ù…_Ùˆ_Ù…Ø²Ù‡ Ø§Ø¯Ø±Ø§Ú©_Ú†Ø´Ø§ÛŒÛŒ Ø­Ø³_Ú†Ø´Ø§ÛŒÛŒ Ú†Ø´Ø§ÛŒÛŒ	taste	taste
a brief experience of something		taste	taste
delicate discrimination (especially of aesthetic values)		taste	taste
the merchandise that a shop has on hand	Ù…ÙˆØ¬ÙˆØ¯ÛŒ_Ú©Ø§Ù„Ø§ Ø³ÛŒØ§Ù‡Ù‡_Ø§Ù…ÙˆØ§Ù„ ØµÙˆØ±Øª_Ø§Ù…ÙˆØ§Ù„ ØµÙˆØ±Øª_Ú©Ø§Ù„Ø§ ÙÙ‡Ø±Ø³Øª_Ø§Ù…ÙˆØ§Ù„ Ø³ÙŠØ§Ù‡Ù‡_Ø§Ù…ÙˆØ§Ù„ ØµÙˆØ±Øª_ÙƒØ§Ù„Ø§ Ù…ÙˆØ¬ÙˆØ¯ÙŠ_ÙƒØ§Ù„Ø§	stock	stock
liquid in which meat and vegetables are simmered; used as a basis for e.g. soups or sauces	Ú¯ÙˆØ´ØªØ§Ø¨Ù‡ Ù¾Ø§ÛŒÙ‡_Ø³ÙˆÙ¾ Ø§Ø³ØªØ§Ú© Ø³ÙˆÙ¾_Ø¢Ø¨Ú©ÛŒ Ø¹ØµØ§Ø±Ù‡ Ø³Ù‡Ø§Ù…	stock	stock
a learner who is enrolled in an educational institution	Ø¯Ø§Ù†Ø´â€ŒØ¢Ù…ÙˆØ² Ø¯Ø§Ù†Ø´Ø¬Ùˆâ€ Ø´Ø§Ú¯Ø±Ø¯â€ Ø¯Ø§Ù†Ø´_Ø¢Ù…ÙˆØ² Ø¯Ø§Ù†Ø´_Ø¢Ù…ÙˆØ²Ø§Ù† Ø¯Ø§Ù†Ø´_Ø¢Ù…ÙˆØ²Ù‡Ø§ Ø¯Ø§Ù†Ø´â€ŒØ¢Ù…ÙˆØ²Ø§Ù† Ø¯Ø§Ù†Ø´â€ŒØ¢Ù…ÙˆØ²Ù‡Ø§ Ø¯Ø§Ù†Ø´â€ŒØ§Ù…ÙˆØ² Ø¯Ø§Ù†Ø´â€ŒØ§Ù…ÙˆØ²Ø§Ù† Ø¯Ø§Ù†Ø´â€ŒØ§Ù…ÙˆØ²Ù‡Ø§ Ø¯Ø§Ù†Ø´_Ø§Ù…ÙˆØ² Ø¯Ø§Ù†Ø´Ø¬Ùˆ Ø¯Ø§Ù†Ø´_Ø§Ù…ÙˆØ²Ø§Ù† Ø¯Ø§Ù†Ø´_Ø§Ù…ÙˆØ²Ù‡Ø§ Ù…Ø­ØµÙ„ educatee Ø³Ø§Ù„_Ø§ÙˆÙ„	pupil	pupils
the contractile aperture in the center of the iris of the eye; resembles a large black dot	Ù…Ø±Ø¯Ù…Ú© Ø­Ø¯Ù‚Ù‡ Ø¯Ø§Ù†Ø´_Ø§Ù…ÙˆØ² Ø´Ø§Ú¯Ø±Ø¯ Ù…Ø±Ø¯Ù…Ú©_Ú†Ø´Ù… Ù…Ø±Ø¯Ù…Ú©â€ Ù…Ø±Ø¯Ù…Ùƒ Ø¯Ø§Ù†Ø´_Ø¢Ù…ÙˆØ²Ø§Ù†	pupil	pupils
a main course served on a plate		plate	plate
a dental appliance that artificially replaces missing teeth	Ø¨Ø´Ù‚Ø§Ø¨_Ø¯Ù†Ø¯Ø§Ù† Ù¾Ø±ÙˆØªØ² ÛŒÚ©_Ø¯Ø³Øª_Ø¯Ù†Ø¯Ø§Ù†_Ù…ØµÙ†ÙˆØ¹ÛŒ	plate	plate
a feeling of intense anger	Ø®Ø´Ù…_Ø§Ù†ÙØ¬Ø§Ø±ÛŒ Ø®Ø´Ù…_Ø§Ù†ÙØ¬Ø§Ø±ÙŠ Ø®Ø´Ù…	rage	rage
an interest followed with exaggerated zeal	Ù‡ÙˆØ³ Ø§Ø¶Ø·Ø±Ø§Ø¨_Ø¹Ù…ÙˆÙ…ÛŒ Ø®Ø´Ù…_Ø²ÛŒØ§Ø¯ Ø¹Ø´Ù‚_Ù…ÙØ±Ø· ØºØ¶Ø¨ ÙØ¯	rage	rage
the spatial arrangement of something as distinct from its substance	Ø´Ú©Ù„ Ø´ÙƒÙ„_Ú¯Ø±ÙØªÙ† Ø¯ÛŒØ³Ù‡â€ Ø´Ú©Ù„â€ ØµÙˆØ±Øªâ€ ÙØ±Ù…â€ Ø´ÙƒÙ„	shape	shape
the state of (good) health (especially in the phrases 'in condition' or 'in shape' or 'out of condition' or 'out of shape')		shape	shape
informal terms for a human 'tooth'	Ù…Ø±ÙˆØ§Ø±ÛŒØ¯_ÙˆØ§Ø±	chopper	choppers
an aircraft without wings that obtains its lift from the rotation of overhead blades	Ù‡Ù„ÛŒÚ©ÙˆÙ¾ØªØ± Ø¨Ø§Ù„Ú¯Ø±Ø¯ Ù‡Ù„ÛŒ_Ú©ÙˆÙ¾ØªØ± Ø¨Ø§Ù„_Ú¯Ø±Ø¯ Ø¨Ø§Ù„â€ŒÚ¯Ø±Ø¯ Ù‡Ù„ÛŒâ€ŒÚ©ÙˆÙ¾ØªØ± Ú†Ø±Ø®Ø¨Ø§Ù„ Ú†Ø±Ø®â€ŒØ¨Ø§Ù„ Ø¨Ø§Ù„Ú¯Ø±Ø¯_Ú†Ù†Ø¯ÙƒØ§Ø±Ù‡ Ø¨Ø§Ù„Ú¯Ø±Ø¯_Ú†Ù†Ø¯Ú©Ø§Ø±Ù‡ Ù‡Ù„ÙŠ_ÙƒÙˆÙ¾ØªØ± Ù‡Ù„ÙŠÙƒÙˆÙ¾ØªØ± Ù‡Ù„ÙŠÙƒÙˆÙ¾ØªØ±_Ú†ÙŠØ³Øª_Ùˆ_Ú†Ú¯ÙˆÙ†Ù‡_ÙƒØ§Ø±_Ù…ÙŠÙƒÙ†Ø¯ØŸ Ù‡Ù„ÛŒÚ©ÙˆÙ¾ØªØ±_Ú†ÛŒØ³Øª_Ùˆ_Ú†Ú¯ÙˆÙ†Ù‡_Ú©Ø§Ø±_Ù…ÛŒÚ©Ù†Ø¯ØŸ Ú†Ø±Ø®_Ø¨Ø§Ù„ ğŸš	chopper	choppers
a state in New England; one of the original 13 colonies	Ø¬Ø±Ù… Ø¬Ø±Ù…â€ Ø¬ÙØ±Ù…	mass	Mass
(Roman Catholic Church and Protestant Churches) the celebration of the Eucharist	Ø¢ÛŒÛŒÙ†_Ø¹Ø´Ø§ÛŒ_Ø±Ø¨Ø§Ù†ÛŒ Ù‚Ø±Ø¨Ø§Ù†ÛŒ_Ù…Ù‚Ø¯Ø³ Ø¢Ø¦ÛŒÙ†_Ù‚Ø¯Ø§Ø³ Ù‚Ø±Ø¨Ø§Ù†ÙŠ_Ù…Ù‚Ø¯Ø³	mass	Mass
the most interesting or memorable part	Ù†Ù‚Ø·Ù‡_Ø¨Ø§Ù„Ø§	highlight	highlights
an area of lightness in a picture	Ø±ÙˆØ´Ù†â€ Ù¾Ø±Ø±Ù†Ú¯â€ Ø¨Ø±Ø¬Ø³ØªÙ‡	highlight	highlights
form a cover over	Ù¾ÙˆØ´Ø´	cover	covered
protect by insurance	Ø§Ù…Ø¶Ø§Ú©Ø±Ø¯Ù†	cover	covered
bedding that keeps a person warm in bed	Ù¾ØªÙˆ	cover	cover
a false identity and background (especially one created for an undercover agent)		cover	cover
a fee charged in advance to retain the services of someone		retainer	retainer
a dental appliance that holds teeth (or a prosthesis) in position after orthodontic treatment	Ù†Ú¯Ù‡Ø¯Ø§Ø±Ù†Ø¯Ù‡	retainer	retainer
a committee having supervisory powers	Ù‡ÛŒØ¦Øª_Ù…Ø¯ÛŒØ±Ù‡	board	board
a stout length of sawn timber; made in a wide variety of sizes and used for many purposes	ØªØ®ØªÙ‡ Ù‚Ø³Ù…ØªÛŒ_Ø§Ø²_Ø¨Ø±Ù†Ø§Ù…Ù‡ Ù‡ÛŒØ¦Øª_Ù…Ø¯ÛŒØ±Ù‡	board	board
(physics) electromagnetic radiation that can produce a visual sensation	Ù†ÙˆØ± Ù…Ù†Ø¨Ø¹_Ù†ÙˆØ± Ø±ÙˆØ´Ù†Ø§ÛŒÛŒ Ù¾Ø±ØªÙˆ Ù…Ø§Ù‡ÙŠØª_Ø°Ø±Ù‡_Ø§ÙŠ_Ù†ÙˆØ± Ù…Ø§Ù‡ÙŠØª_Ù…ÙˆØ¬ÙŠ_Ù†ÙˆØ± Ù…Ø§Ù‡ÛŒØª_Ø°Ø±Ù‡_Ø§ÛŒ_Ù†ÙˆØ± Ù…Ø§Ù‡ÛŒØª_Ø°Ø±Ù‡â€ŒØ§ÛŒ_Ù†ÙˆØ± Ù…Ø§Ù‡ÛŒØª_Ù…ÙˆØ¬ÛŒ_Ù†ÙˆØ± Ù†Ø¸Ø±ÙŠÙ‡Ù”_Ù…ÙˆØ¬ÙŠ_Ù†ÙˆØ± Ù†Ø¸Ø±ÛŒÙ‡Ù”_Ù…ÙˆØ¬ÛŒ_Ù†ÙˆØ± Ù†ÙˆØ±_Ø³ÙÛŒØ¯ Ù†ÙˆØ±_Ù…Ø±Ø¦ÛŒ Ø§Ù…ÙˆØ§Ø¬_Ù†ÙˆØ± Ø§Ù†Ø¹Ú©Ø§Ø³_Ù†ÙˆØ±	light	light
a particular perspective or aspect of a situation	Ù†ÙˆØ±	light	light
surprise greatly; knock someone's socks off		shock	shock
subject to electrical shocks		shock	shock
take without the owner's consent		steal	steal
steal a base	Ø¯Ø²Ø¯ÛŒØ¯Ù† Ø¯Ø³ØªØ¨Ø±Ø¯_Ø²Ø¯Ù†	steal	steal
an overall beauty treatment (involving a person's hair style and cosmetics and clothing) intended to change or improve a person's appearance	Ù‚Ø¨Ù„	makeover	makeover
a complete reconstruction and renovation of something		makeover	makeover
attach something somewhere by means of nails		nail	nailing
succeed at easily		nail	nailing
a person who rescues you from harm or danger		deliverer	deliverer
someone employed to make deliveries	deliveryman Ù¾Ø³Ø±_ØªØ­ÙˆÛŒÙ„	deliverer	deliverer
a cherished desire	Ø§Ø±Ø²Ùˆ Ø¨Ù„Ù†Ø¯_Ù‡Ù…ØªÛŒ Ø¬Ø§Ù‡_Ø·Ù„Ø¨ÛŒ	dream	dream
a series of mental images and emotions occurring during sleep	Ø±Ø¤ÛŒØ§ Ø®ÙˆØ§Ø¨ Ø±ÙˆÛŒØ§ Ø­Ù„Ù… Ø¢Ø±Ø²Ùˆ Ø®ÙˆØ§Ø¨_Ø¯ÛŒØ¯Ù† Ø±Ø¤ÙŠØ§ Ø±Ø¤ÛŒØ§Ù‡Ø§ Ø±ÙˆÙŠØ§ Ø±ÙˆÙŠØ§Ù‡Ø§ Ø±ÙˆÛŒØ§Ù‡Ø§ Ø±ÙˆÛŒØ§Ù¾Ø±Ø¯Ø§Ø²ÛŒ	dream	dream
goad or provoke,as by constant criticism		needle	needling
prick with a needle		needle	needling
a dull stupid fatuous person	Ú©ÙˆÙ†Ø´_Ø¨Ø§Ø²ÛŒ	jerk	jerk
an abrupt spasmodic movement	ØªÙ„Ù‚_ØªÙ„Ù‚ ØªÚ©Ø§Ù† ÛŒÚ©Ù‡ Ø­Ø±Ú©Ø§Øª_ØªÙ†Ø¯_Ùˆ_Ø³Ø±ÛŒØ¹	jerk	jerk
be attracted to		gravitate	gravitated
move due to the pull of gravitation	Ú¯Ø±ÙˆÛŒØ¯Ù†	gravitate	gravitated
an inability to remember or think of something you normally can do; often caused by emotional tension	Ø¨Ù„ÙˆÚ©_Ø±ÙˆØ§Ù†ÛŒ Ø¨Ù„ÙˆÚ©_Ù‡Ø§ÛŒ_Ø±ÙˆØ§Ù†ÛŒ	block	block
a three-dimensional shape with six square or rectangular sides		block	block
an oppressive condition of physical or mental or social or economic distress		pressure	pressure
the force applied to a unit area of surface; measured in pascals (SI unit) or in dynes (cgs unit)	ÙØ´Ø§Ø± ÙØ´Ø§Ø±â€ Ø³Ø·Ø­_ÙØ´Ø§Ø± ÙØ´Ø§Ø±_Ø¢Ø¨ ÙØ´Ø§Ø±_Ø³ÛŒØ§Ù„ Ù†ÛŒØ±ÙˆÛŒ_Ø¯Ø±_ÙˆØ§Ø­Ø¯_Ø³Ø·Ø­	pressure	pressure
having the character or disposition harmed by pampering or oversolicitous attention	Ø¶Ø§ÛŒØ¹Ø§Øª ÙØ³Ø§Ø¯	spoil	spoiled
(of foodstuffs) not in an edible or usable condition		spoil	spoiled
to make a rush at or sudden attack upon, as in battle		charge	charged
demand payment		charge	charged
the magistrate or judge or judges sitting in court in judicial capacity to compose the court collectively	Ù†ÛŒÙ…Ú©Øª	bench	bench
a long seat for more than one person	Ù†ÛŒÙ…Ú©Øª Ù†ÛŒÙ…Ú©Øªâ€ Ù†ÙŠÙ…ÙƒØª	bench	bench
give birth to a litter of animals		litter	littering
make a place messy by strewing garbage around		litter	littering
a fee levied for the use of roads or bridges (used for maintenance)		toll	toll
value measured by what must be given or done or undergone to obtain something	Ø§Ø±Ø²Ø´ Ø¨Ø§Ø¬ Ù‡Ø²ÛŒÙ†Ù‡	toll	toll
a group of religious congregations having its own organization and a distinctive faith	Ù…Ø°Ù‡Ø¨ Ø·Ø¨Ù‚Ù‡â€ŒØ¨Ù†Ø¯ÛŒ_Ù…Ø°Ù‡Ø¨ÛŒ ÙØ±Ù‚Ù‡_Ù…Ø³ÛŒØ­ÛŒ	denomination	denominations
a class of one kind of unit in a system of numbers or measures or weights or money		denomination	denominations
blow hard; be gusty, as of wind		bluster	bluster
show off	Ø¨Ù‡_Ø±Ø®_Ú©Ø´ÛŒØ¯Ù† Ø±Ø¬Ø²_Ø®ÙˆØ§Ù†Ø¯Ù† Ù„Ø§Ù_Ø²Ø¯Ù†	bluster	bluster
a strong current of air	ØªÙ†Ø¯_Ø¨Ø§Ø¯ Ø§Ù†ÙØ¬Ø§Ø± ØªÙ…Ø§ÛŒÙ„ Ù…Ø²Ù…Ø²Ù‡	blow	blow
an unfortunate happening that hinders or impedes; something that is thwarting or frustrating	Ø´Ú©Ø³Øª	blow	blow
a powerful stroke with the fist or a weapon	Ø¶Ø±Ø¨Ù‡	blow	blow
forceful exhalation through the nose or mouth	ÙÙˆØªâ€ Ù¾Ùâ€	blow	blow
play or sound a wind instrument		blow	blew
make a mess of, destroy or ruin	Ø§Ø´ØªØ¨Ø§Ù‡_Ú©Ø±Ø¯Ù† Ù…Ø±ØªÚ©Ø¨_Ø®Ø·Ø§_Ø´Ø¯Ù†	blow	blew
to cause (someone or oneself) to become dependent (on something, especially a narcotic drug)	Ø§Ø¹ØªÛŒØ§Ø¯_Ø¯Ø§Ø¯Ù† Ø¹Ø§Ø¯ÛŒ_Ú©Ø±Ø¯Ù†	hook	hooked
catch with a hook	Ø¨Ù‡_Ù‚Ù„Ø§Ø¨_Ø§Ù†Ø¯Ø§Ø®ØªÙ†â€	hook	hooked
a sharp curve or crook; a shape resembling a hook		hook	hooks
a short swinging punch delivered from the side with the elbow bent		hook	hooks
any piece of work that is undertaken or attempted	Ú©ÙˆØ´Ø´_Ú©Ø±Ø¯Ù† Ø§Ù†Ø¬Ø§Ù…	undertake	undertaking
the trade of a funeral director	Ù‚Ø±Ø§Ø±Ø¯Ø§Ø¯	undertake	undertaking
alternative names for the body of a human being	Ø¨Ø¯Ù†_Ø§Ù†Ø³Ø§Ù† ÙÛŒØ²ÛŒÙˆÙ„ÙˆÚ˜ÛŒ_Ø§Ù†Ø³Ø§Ù† ØªØ´Ø±ÛŒØ­ Ø³Ø§Ø®ØªÙ…Ø§Ù†_Ø¨Ø¯Ù† Ø³Ø§Ø²Ù…Ø§Ù†_Ø¨Ø¯Ù† Ú©Ø§Ù„Ø¨Ø¯ Ú©Ø§Ù„Ø¨Ø¯Ø´Ù†Ø§Ø³ÛŒ Ø¢Ù†Ø§ØªÙˆÙ…ÙŠ_Ø¨Ø¯Ù† Ø¢Ù†Ø§ØªÙˆÙ…ÛŒ_Ø¨Ø¯Ù† Ø§Ù†Ø§ØªÙˆÙ…ÙŠ_Ø¨Ø¯Ù† Ø§Ù†Ø§ØªÙˆÙ…ÛŒ_Ø¨Ø¯Ù† ÙÙŠØ²ÙŠÙˆÙ„ÙˆÚ˜ÙŠ_Ø§Ù†Ø³Ø§Ù† ÙƒØ§Ù„Ø¨Ø¯_Ø§Ù†Ø³Ø§Ù† ÙƒØ§Ù„Ø¨Ø¯Ø´Ù†Ø§Ø³ÙŠ_Ø§Ù†Ø³Ø§Ù† Ú©Ø§Ù„Ø¨Ø¯_Ø§Ù†Ø³Ø§Ù† bod Ø¢Ù†Ø§ØªÙˆÙ…ÛŒ_Ø§Ù†Ø³Ø§Ù†ØŒ Ø¨Ø¯Ù†_ÙÛŒØ²ÛŒÚ©ÛŒ Ø¨Ø¯Ù†_Ù…ÙˆØ§Ø¯ Ø±Ù†Ú¯_Ù¾ÙˆØ³Øª_Ø§Ù†Ø³Ø§Ù†ØŒ Ø´Ú©Ù„ Ú¯ÙˆØ´Øª	figure	figure
an amount of money expressed numerically		figure	figure
one of the elements that collectively form a system of numeration	Ø§Ù†Ú¯Ø´Øª Ø±Ù‚Ù… Ø´Ú©Ù„	figure	figures
straighten with a comb	Ø´Ø§Ù†Ù‡_Ú©Ø±Ø¯Ù†	comb	combing
search thoroughly	Ø¬Ø³ØªØ¬Ùˆ_Ú©Ø±Ø¯Ù† Ø´Ø§Ù†Ù‡_Ú©Ø±Ø¯Ù†	comb	combing
hit against; come into sudden contact with		strike	struck
cause to experience suddenly		strike	struck
an attack that is intended to seize or inflict damage on or destroy an objective	Ø§Ø¹ØªØµØ§Ø¨	strike	strike
a score in tenpins: knocking down all ten with the first ball	Ø§Ø¹ØªØµØ§Ø¨ Ø§Ù…Ø±_Ù…ÙˆÙÙ‚ÛŒØª_Ø§Ù…ÛŒØ²	strike	strike
reverse the winding or twisting of		unwind	unwind
become less tense, rest, or take one's ease		unwind	unwind
hunt illegally		poach	poached
cook in a simmering liquid		poach	poached
become distinct and acquire a different character		differentiate	differentiate
calculate a derivative; take the derivative		differentiate	differentiate
a United States or Canadian coin worth one fourth of a dollar	Ú©ÙˆØ§Ø±ØªØ± ÙƒÙˆØ§Ø±ØªØ± Ø³Ù‡_Ù…Ø§Ù‡Ù‡ Ú†Ù‡Ø§Ø±Ù…	quarter	quarter
clemency or mercy shown to a defeated opponent		quarter	quarter
tell anonymously		leak	leak
enter or escape as through a hole or crack or fissure		leak	leak
a strong paper or thin cardboard with a smooth light brown finish made from e.g. Manila hemp	Ú©Ø§ØºØ°_Ù…Ø§Ù†ÛŒÙ„ Ù…Ø§Ù†ÛŒÙ„Ø§_Ù¾Ø§ÛŒØªØ®Øª_Ø¬Ø²Ø§ÛŒØ±_ÙÛŒÙ„ÛŒÙ¾ÛŒÙ† Ù…Ù‚Ø§Ù„Ù‡_Ù…Ø§Ù†ÛŒÙ„Ø§_Ù¾Ø§ÛŒØªØ®Øª_Ø¬Ø²Ø§ÛŒØ±_ÙÛŒÙ„ÛŒÙ¾ÛŒÙ†	manila	manila
the capital and largest city of the Philippines; located on southern Luzon	Ù…Ø§Ù†ÛŒÙ„ manila Ù…Ø§Ù†ÙŠÙ„ Ù¾Ø§ÛŒØªØ®Øª_ÙÛŒÙ„ÛŒÙ¾ÛŒÙ†	manila	manila
to exert much effort or energy	Ú©ÙˆØ´Ø´_Ú©Ø±Ø¯Ù†	strain	strained
separate by passing through a sieve or other straining device to separate out coarser elements	Ø¨ÛŒØ®ØªÙ†â€ ØµØ§Ù_Ú©Ø±Ø¯Ù†â€ Ù…Ø§Ø´ÛŒÙˆÙ‡_Ú©Ø±Ø¯Ù†â€	strain	strained
a set of data arranged in rows and columns	Ø¬Ø¯ÙˆÙ„ Ø¬Ø¯ÙˆÙ„â€ Ø²ÛŒØ¬â€ Ø¬Ø¯ÙˆÙ„_Ø¨Ù†Ø¯ÙŠ Ø¬Ø¯ÙˆÙ„_Ø¨Ù†Ø¯ÛŒ Ø¬Ø¯ÙˆÙ„â€ŒØ¨Ù†Ø¯ÛŒ Ø¢Ø±Ø§ÛŒÙ‡_Ø¬Ø¯ÙˆÙ„ÛŒ Ø¬Ø¯ÙˆÙ„ÛŒ	table	tables
a piece of furniture with tableware for a meal laid out on it		table	tables
a number or letter indicating quality (especially of a student's performance)	Ø¯Ø±Ø¬Ù‡ Ø¹Ù„Ø§Ù…Øª Ù†Ù…Ø±Ù‡	score	score
a written form of a musical composition; parts for different instruments appear on separate staves on large pages	Ù†Ù…Ø±Ù‡ Ù†Ù…Ø±Ù‡_Ù‡Ø§ÛŒ_Ù…ÙˆØ³ÛŒÙ‚ÛŒ	score	score
a large number or amount	Ù†Ù…Ø±Ù‡	score	score
be envious, desirous, eager for, or extremely happy about something	Ø§Ø¸Ù‡Ø§Ø±Ø®ÙˆØ´Ø­Ø§Ù„ÛŒ_Ú©Ø±Ø¯Ù†	drool	drooling
let saliva drivel from the mouth	Ø§Ø¸Ù‡Ø§Ø±Ø®ÙˆØ´Ø­Ø§Ù„ÛŒ_Ú©Ø±Ø¯Ù†	drool	drooling
the science of matter; the branch of the natural sciences dealing with the composition of substances and their properties and reactions	Ø´ÛŒÙ…ÛŒ Ø´ÛŒÙ…ÛŒâ€ Ú©ÛŒÙ…ÛŒØ§â€ Ø¹Ù„Ù…_Ø´ÛŒÙ…ÛŒ Ø¯Ø§Ù†Ø´_Ø´ÙŠÙ…ÙŠ Ø¯Ø§Ù†Ø´_Ø´ÛŒÙ…ÛŒ Ø±Ø´ØªÙ‡_Ø´ÛŒÙ…ÛŒ Ø´ÙŠÙ…ÙŠ Ø´ÙŠÙ…ÙŠØ§ÙŠÙŠ Ø´ÛŒÙ…ÛŒØ§ÛŒÛŒ Ø¹Ù„Ù…_Ø´ÙŠÙ…ÙŠ Ø¹Ù„ÙˆÙ…_Ø´ÙŠÙ…ÙŠ Ø¹Ù„ÙˆÙ…_Ø´ÛŒÙ…ÛŒ Ø´ÛŒÙ…ÛŒØŒ Ø´ÛŒÙ…ÛŒ_Ú©Ø§Ø±Ø¨Ø±Ø¯ÛŒ_Ø§Ø³Øª Ø´ÛŒÙ…ÛŒ_Ú©Ø§Ø±Ø¨Ø±Ø¯ÛŒØŒ	chemistry	chemistry
the way two individuals relate to each other	Ø¬Ø§Ø°Ø¨Ù‡_Ø¨ÛŒÙ†_ÙØ±Ø¯ÛŒ Ø¹Ù„Ù…_Ø´ÛŒÙ…ÛŒ Ø¹Ù„Ù…_Ú©ÛŒÙ…ÛŒØ§ Ú©ÛŒÙ…ÛŒØ§Ú¯Ø±ÛŒ Ø¬Ø§Ø°Ø¨Ù‡_Ù…ÛŒØ§Ù†â€ŒÙØ±Ø¯ÛŒ Ø¬Ø§Ø°Ø¨Ù‡_Ø¨ÙŠÙ†_ÙØ±Ø¯ÙŠ Ø¬Ø§Ø°Ø¨Ù‡_ÙŠ_Ø¨ÙŠÙ†_ÙØ±Ø¯ÙŠ Ø¬Ø§Ø°Ø¨Ù‡_ÛŒ_Ø¨ÛŒÙ†_ÙØ±Ø¯ÛŒ Ø´ÛŒÙ…ÛŒ_Ø¨ÛŒÙ†_ÙØ±Ø¯ÛŒ	chemistry	chemistry
a story about mythical or supernatural beings or events	Ø§ÙØ³Ø§Ù†Ù‡ Ø´Ø±Ø­ ÙÙ‡Ø±Ø³Øª Ù†Ù‚Ø´ Ø§ÙØ³Ø§Ù†Ù‡â€ Ø±ÙˆØ§ÛŒØªâ€ Ø§ÙØ³Ø§Ù†Ù‡_Ù¾Ø±Ø¯Ø§Ø²ÛŒ Ø§ÙØ³Ø§Ù†Ù‡Ù”_Ù¾Ø±Ø¯Ø§Ø²ÛŒ Ø§ÙØ³Ø§Ù†Ù‡â€ŒÙ¾Ø±Ø¯Ø§Ø²ÛŒ Ø§ÙØ³Ø§Ù†Ù‡_Ù¾Ø±Ø¯Ø§Ø²ÙŠ Ø§ÙØ³Ø§Ù†Ù‡Ù”_Ù¾Ø±Ø¯Ø§Ø²ÙŠ ÙØ³Ø§Ù†Ù‡	legend	legend
brief description accompanying an illustration	Ø§ÙØ³Ø§Ù†Ù‡ Ø´Ø±Ø­ Ø¹Ù†ÙˆØ§Ù† ÙÙ‡Ø±Ø³Øª Ù†Ù‚Ø´	legend	legend
a fastener used on clothing; fastens with a snapping sound	Ø±Ø§_ÙØ´Ø§Ø±_Ø¯Ù‡ÛŒØ¯_Ú¯Ù„_Ù…ÛŒØ® Ø¶Ø±Ø¨Ù‡_Ù…Ø­Ú©Ù…_Ùˆ_Ù†Ø§Ú¯Ù‡Ø§Ù†ÛŒ_Ø¯Ú©Ù…Ù‡	snap	snap
separate or cause to separate abruptly	Ù‚Ø·Ø¹_Ú©Ø±Ø¯Ù†	snap	snap
utter in an angry, sharp, or abrupt tone	Ø®Ø´Ù…Ú¯ÛŒÙ†_Ø³Ø§Ø®ØªÙ†	snap	snapped
record on photographic film	Ø¹Ú©Ø³Ø¨Ø±Ø¯Ø§Ø±ÛŒ_Ú©Ø±Ø¯Ù†	snap	snapped
be standing; be upright	Ø§ÛŒØ³ØªØ§Ø¯Ù‡ØŒ	stand	stands
hold one's ground; maintain a position; be steadfast or upright;	Ø§ÛŒØ³ØªØ§Ø¯Ù† Ø§ÛŒØ³ØªØ§Ø¯Ù†â€ Ø¨Ø±Ø®Ø§Ø³ØªÙ†â€ Ù¾Ø§_Ø´Ø¯Ù†â€	stand	stands
a support for displaying various articles		stand	stand
give testimony in a court of law		stand	stand
put up with something or somebody unpleasant	Ø§ÛŒØ³ØªØ§Ø¯Ú¯ÛŒ_Ú©Ø±Ø¯Ù† Ø¬Ù„Ùˆ_Ø¢Ù…Ø¯Ù† Ù…Ù†ØªØ¸Ø±_Ø´Ø¯Ù† Ù…Ù†Ø²Ù„_Ú©Ø±Ø¯Ù† ÙˆÙØ§_Ú©Ø±Ø¯Ù† Ø§ÛŒØ³ØªØ§Ø¯Ù† Ø§ÛŒØ³ØªØ§Ø¯Ù‡ ØªØ­Ù…Ù„	stand	stand
be in some specified state or condition	Ø§ÛŒØ³ØªØ§Ø¯Ù‡	stand	stand
the strength of a solution; number of molecules of a substance in a given volume	ØºÙ„Ø¸Øª ØºÙ„Ø¸Øª_ØªØ­Ù„ÛŒÙ„ÛŒ	concentration	concentration
complete attention; intense mental effort		concentration	concentration
the property of something that is great in magnitude	ØªÙ†Ù‡ Ø¬Ø«Ù‡ Ø­Ø¬Ù…	volume	volume
the magnitude of sound (usually in a specified direction)	Ø´Ø¯Øª_ØµØ¯Ø§ Ø¨Ù„Ù†Ø¯ÛŒ_ØµÙˆØª Ø¨Ù„Ù†Ø¯ÙŠ_ØµÙˆØª Ø¨Ù„Ù†Ø¯ÛŒ_ØµØ¯Ø§ Ø­Ø¬Ù…_ØµØ¯Ø§	volume	volume
the act of delivering or distributing something (as goods or mail)	ØªØ­ÙˆÛŒÙ„ ØªØ­ÙˆÙŠÙ„ Ø¢ÙˆØ±Ø¯Ù† Ù¾Ø³Ø±_ØªØ­ÙˆÛŒÙ„	delivery	delivery
your characteristic style or manner of expressing yourself orally	Ù†Ø­ÙˆÙ‡_ØµØ­Ø¨Øª_Ú©Ø±Ø¯Ù†	delivery	delivery
an event that occurs when something passes from one state or phase to another	ØªØºÛŒÛŒØ±	change	change
coins of small denomination regarded collectively		change	change
the balance of money received when the amount you tender is greater than the amount due		change	change
change clothes; put on different clothes		change	changed
undergo a change; become different in essence; losing one's or its original nature	ØªØºÛŒÛŒØ±_Ú©Ø±Ø¯Ù†â€ ØªØºÛŒÛŒØ±	change	changed
become less intense		flag	flag
communicate or signal with a flag		flag	flag
after the expected or usual time; delayed		late	late
having died recently		late	late
a formal party of people; as after a wedding		reception	reception
quality or fidelity of a received broadcast		reception	reception
(American football) the act of catching a pass in football		reception	reception
(music) a series of notes differing in pitch according to a specific scheme (usually within an octave)	Ú¯Ø§Ù… Ù…Ù‚ÛŒØ§Ø³_Ù…ÙˆØ³ÛŒÙ‚ÛŒ	scale	scales
a flattened rigid plate forming part of the body covering of many animals	Ù¾ÙˆÙ„Ú© ÙÙ„Ø³ Ù¾ÙˆÙ„Ùƒ Ù…Ù‚ÛŒØ§Ø³	scale	scales
relative magnitude	Ù…Ù‚ÛŒØ§Ø³	scale	scale
a measuring instrument for weighing; shows amount of mass	ØªØ±Ø§Ø²Ùˆ Ù…ÛŒØ²Ø§Ù† ØªØ±Ø§Ø²ÙˆÛŒ_Ø¯ÙˆÚ©ÙÙ‡â€ŒØ§ÛŒ âš– Ù…Ù‚ÛŒØ§Ø³_ØªØ¹Ø§Ø¯Ù„ Ù…Ù‚ÛŒØ§Ø³_ÙˆØ²Ù† ÙˆØ²Ù†_Ø¯Ø³ØªÚ¯Ø§Ù‡	scale	scale
a natural event that involves a change in the position or location of something	Ø­Ø±Ú©Øª Ø­Ø±ÙƒØª Ø¬Ù†Ø¨Ø´	motion	motions
a formal proposal for action made to a deliberative assembly for discussion and vote	Ø­Ø±Ú©Øª	motion	motions
perform as expected when applied	Ø¹Ù…Ù„	operate	operating
perform surgery on		operate	operating
find the solution to (a problem or question) or understand the meaning of	Ú©Ø´Ù_Ú©Ø±Ø¯Ù† Ø­Ù„_Ú©Ø±Ø¯Ù†â€ Ø­Ù„	lick	lick
take up with the tongue		lick	lick
a structure consisting of a room or set of rooms at a single position along a vertical scale	Ø·Ø¨Ù‚Ù‡ Ø§Ø´Ú©ÙˆØ¨Ù‡â€ Ø·Ø¨Ù‚Ù‡â€ Ø¯Ø§Ø³ØªØ§Ù†	story	story
a piece of fiction that narrates a chain of related events	Ø¯Ø§Ø³ØªØ§Ù†	story	story
place in a line or arrange so as to be parallel or straight		align	align
align oneself with a group or a way of thinking	Ø¢Ø±Ø§Ø³ØªÙ† Ù…Ù†Ø¸Ù…_Ú©Ø±Ø¯Ù†	align	align
very drunk	Ø¨Ø§Ø± Ú¯Ø±Ùˆ ØªØ¹Ù‡Ø¯	load	loaded
filled with a great quantity	Ø¨Ø§Ø±_Ú©Ø±Ø¯Ù† Ø¨Ø§Ø±Ú¯ÛŒØ±ÛŒ_Ú©Ø±Ø¯Ù†	load	loaded
a perceptible indication of something not immediately apparent (as a visible clue that something has happened)	Ù†Ø´Ø§Ù†Ù‡	sign	signs
structure displaying a board on which advertisements can be posted	Ø§Ø¹Ù„Ø§Ù†â€ Ù„ÙˆØ­Ù‡â€ Ù„ÙˆØ­Ù‡	sign	signs
call for and obtain payment of	Ø¬Ù…Ø¹_Ø¢ÙˆØ±ÛŒ	collect	collect
assemble or get together	Ù‡Ù…Ú©Ø§Ø±ÛŒ_Ú©Ø±Ø¯Ù† Ø¬Ù…Ø¹_Ø¢ÙˆØ±ÛŒ	collect	collect
a string of words satisfying the grammatical rules of a language	Ø¬Ù…Ù„Ù‡ Ø¬Ù…Ù„Ù‡â€ Ú¯Ø²Ø§Ø±Ù‡â€ Ø¬Ù…Ù„Ø§Øª	sentence	sentence
the period of time a prisoner is imprisoned	Ø²Ù†Ø¯Ø§Ù†	sentence	sentence
draw something in by or as if by a vacuum		suck	sucked
be inadequate or objectionable		suck	sucked
any of numerous small rodents typically resembling diminutive rats having pointed snouts and small ears on elongated bodies with slender usually hairless tails	Ù…ÙˆØ´ ğŸ€ ğŸ ğŸ­	mouse	mouse
a hand-operated electronic device that controls the coordinates of a cursor on your computer screen as you move it around on a pad; on the bottom of the device is a ball that rolls on the surface of the pad	Ù…ÙˆØ³ Ù…Ø§ÙˆØ³ Ù…ÙˆØ´ÙˆØ§Ø±Ù‡ Ù…ÙˆØ³â€ Ù…ÙˆØ´ÙˆØ§Ø±Ù‡â€ Ù…ÙˆØ´â€ Ù…ÙˆØ´ Ù…ÙˆØ´ÙŠ Ù…ÙˆØ´ÛŒ Ù…ÙˆØ³_Ú©Ø§Ù…Ù¾ÛŒÙˆØªØ±	mouse	mouse
support consisting of a place to rest the foot while ascending or descending a stairway	Ù¾Ù„Ù‡ Ø¯Ø±Ø¬Ù‡ Ù¾Ù„Ú©Ø§Ù†â€	step	steps
any maneuver made as part of progress toward a goal	Ù‚ÙØ¯ÙÙ…â€	step	steps
a flight of stairs or a flight of steps	Ú¯Ø§Ù…	step	steps
a flour mixture stiff enough to knead or roll	Ø®Ù…ÛŒØ± Ù¾ÙˆÙ„ Ø®Ù…ÙŠØ±	dough	dough
informal terms for money	Ù…Ø§Ù„_Ø­Ø±Ø§Ù… Ù¾ÙˆÙ„ Ø§Ø³ØªÙØ§Ø¯Ù‡_Ù†Ø§Ù…Ø´Ø±ÙˆØ¹ Ø¬ÛŒÙÙ‡_Ø¯Ù†ÛŒØ§ Ø®Ù…ÛŒØ± Ø³ÙˆØ¯ ØºØ§Ø±Øª Ù…Ø§Ù„ Ù…Ø§Ù„_Ø¯Ù†ÛŒØ§ Ù†Ø§Ù† Ú†Ù¾Ø§ÙˆÙ„ Ú©Ø§Ù‡Ùˆ dinero gelt shekels simoleons Ø­Ù„Ø²ÙˆÙ†	dough	dough
